matchweek,team,opponent,home,home_team,away_team,goals_for,goals_against,attendance,shots_on_target_for,shots_on_target_against,shots_off_target_for,shots_off_target_against,total_shots_for,total_shots_against,yellow_cards_for,yellow_cards_against,red_cards_for,red_cards_against,goal_details_for,goal_details_against
1,Arsenal,West Ham,TRUE,Arsenal,West Ham,0,2,59996,6,4,8,2,14,6,1,3,0,0,,"Cheikhou Kouyate (43),Mauro Zarate (57)"
2,Arsenal,Crystal Palace,FALSE,Crystal Palace,Arsenal,2,1,24732,7,5,6,4,13,9,1,1,0,0,"Olivier Giroud (16),Damien Delaney OG (55)",Joel Ward (28)
3,Arsenal,Liverpool,TRUE,Arsenal,Liverpool,0,0,60080,5,8,9,4,14,12,1,4,0,0,,
4,Arsenal,Newcastle,FALSE,Newcastle,Arsenal,1,0,50388,9,1,6,1,15,2,1,6,0,1,Fabricio Coloccini OG (52),
5,Arsenal,Stoke,TRUE,Arsenal,Stoke,2,0,59963,12,3,9,2,21,5,1,1,0,0,"Theo Walcott (31),Olivier Giroud (85)",
6,Arsenal,Chelsea,FALSE,Chelsea,Arsenal,0,2,41584,3,6,4,6,7,12,1,3,2,0,,"Kurt Zouma (53),Calum Chambers OG (90+1)"
7,Arsenal,Leicester,FALSE,Leicester,Arsenal,5,2,32047,12,7,2,6,14,13,1,1,0,0,"Theo Walcott (18),Alexis Sanchez (33, 57, 81),Olivier Giroud (90+3)","Jamie Vardy (13, 89)"
8,Arsenal,Man Utd,TRUE,Arsenal,Man Utd,3,0,60084,5,5,5,3,10,8,1,3,0,0,"Alexis Sanchez (6, 19),Mesut Ozil (7)",
9,Arsenal,Watford,FALSE,Watford,Arsenal,3,0,20721,6,1,5,6,11,7,1,2,0,0,"Alexis Sanchez (62),Olivier Giroud (68),Aaron Ramsey (74)",
10,Arsenal,Everton,TRUE,Arsenal,Everton,2,1,59985,5,5,9,3,14,8,2,0,0,1,"Olivier Giroud (36),Laurent Koscielny (38)",Ross Barkley (44)
11,Arsenal,Swansea,FALSE,Swansea,Arsenal,3,0,20937,5,3,7,1,12,4,0,2,0,0,"Olivier Giroud (49),Laurent Koscielny (68),Joel Campbell (73)",
12,Arsenal,Spurs,TRUE,Arsenal,Spurs,1,1,60060,4,4,5,7,9,11,0,1,0,0,Kieran Gibbs (77),Harry Kane (32)
13,Arsenal,West Brom,FALSE,West Brom,Arsenal,1,2,24343,4,1,7,2,11,3,2,3,0,0,Olivier Giroud (28),"James Morrison (35),Mikel Arteta OG (40)"
14,Arsenal,Norwich,FALSE,Norwich,Arsenal,1,1,27091,3,2,5,4,8,6,1,1,0,0,Mesut Ozil (30),Lewis Grabban (43)
15,Arsenal,Sunderland,TRUE,Arsenal,Sunderland,3,1,59937,8,4,4,6,12,10,1,1,0,0,"Joel Campbell (33),Olivier Giroud (63),Aaron Ramsey (90+3)",Olivier Giroud OG (45)
16,Arsenal,Aston Villa,FALSE,Aston Villa,Arsenal,2,0,33285,4,2,3,12,7,14,0,0,0,0,"Olivier Giroud (8 Pen),Aaron Ramsey (38)",
17,Arsenal,Man City,TRUE,Arsenal,Man City,2,1,60053,5,6,3,8,8,14,0,2,0,0,"Theo Walcott (33),Olivier Giroud (45+1)",Yaya Toure (82)
18,Arsenal,Southampton,FALSE,Southampton,Arsenal,0,4,31669,5,5,3,5,8,10,0,1,0,0,,"Cuco Martina (19),Shane Long (55, 90+2),Jose Fonte (69)"
19,Arsenal,Bournemouth,TRUE,Arsenal,Bournemouth,2,0,59983,6,3,4,3,10,6,2,0,0,0,"Gabriel Paulista (27),Mesut Ozil (63)",
20,Arsenal,Newcastle,TRUE,Arsenal,Newcastle,1,0,59257,3,6,10,5,13,11,2,2,0,0,Laurent Koscielny (72),
21,Arsenal,Liverpool,FALSE,Liverpool,Arsenal,3,3,44109,5,6,5,6,10,12,0,2,0,0,"Aaron Ramsey (14),Olivier Giroud (25, 55)","Roberto Firmino (10, 19),Joe Allen (90)"
22,Arsenal,Stoke,FALSE,Stoke,Arsenal,0,0,27683,3,6,1,3,4,9,0,0,0,0,,
23,Arsenal,Chelsea,TRUE,Arsenal,Chelsea,0,1,60072,1,6,7,3,8,9,1,3,1,0,,Diego Costa (23)
24,Arsenal,Southampton,TRUE,Arsenal,Southampton,0,0,60044,11,3,6,4,17,7,2,1,0,0,,
25,Arsenal,Bournemouth,FALSE,Bournemouth,Arsenal,2,0,11357,5,4,2,7,7,11,1,0,0,0,"Mesut Ozil (23),Alex Oxlade-Chamberlain (24)",
26,Arsenal,Leicester,TRUE,Arsenal,Leicester,2,1,60009,6,3,12,4,18,7,4,3,0,1,"Theo Walcott (70),Danny Welbeck (90+5)",Jamie Vardy (45 Pen)
27,Arsenal,Man Utd,FALSE,Man Utd,Arsenal,2,3,75329,5,5,5,1,10,6,3,4,0,0,"Danny Welbeck (40),Mesut Ozil (69)","Marcus Rashford (29, 32),Ander Herrera (65)"
28,Arsenal,Swansea,TRUE,Arsenal,Swansea,1,2,59905,4,2,7,5,11,7,0,2,0,0,Joel Campbell (15),"Wayne Routledge (32),Ashley Williams (74)"
29,Arsenal,Spurs,FALSE,Spurs,Arsenal,2,2,35762,4,11,2,7,6,18,2,2,1,0,"Aaron Ramsey (39),Alexis Sanchez (76)","Toby Alderweireld (60),Harry Kane (62)"
30,Arsenal,Everton,FALSE,Everton,Arsenal,2,0,39270,3,2,4,5,7,7,0,0,0,0,"Danny Welbeck (7),Alex Iwobi (42)",
31,Arsenal,Watford,TRUE,Arsenal,Watford,4,0,59981,12,3,4,3,16,6,1,1,0,0,"Alexis Sanchez (4),Alex Iwobi (38),Hector Bellerín (48),Theo Walcott (90)",
32,Arsenal,West Ham,FALSE,West Ham,Arsenal,3,3,34977,6,7,3,7,9,14,0,2,0,0,"Mesut Ozil (18),Alexis Sanchez (35),Laurent Koscielny (70)","Andy Carroll (44, 45+2, 52)"
33,Arsenal,Crystal Palace,TRUE,Arsenal,Crystal Palace,1,1,59961,6,2,7,4,13,6,0,2,0,0,Alexis Sanchez (45+1),Yannick Bolasie (81)
34,Arsenal,West Brom,TRUE,Arsenal,West Brom,2,0,59568,7,1,6,4,13,5,0,1,0,0,"Alexis Sanchez (6, 38)",
36,Arsenal,Norwich,TRUE,Arsenal,Norwich,1,0,59989,3,3,6,6,9,9,1,0,0,0,Danny Welbeck (59),
35,Arsenal,Sunderland,FALSE,Sunderland,Arsenal,0,0,45420,7,3,5,6,12,9,4,2,0,0,,
37,Arsenal,Man City,FALSE,Man City,Arsenal,2,2,54425,2,3,2,9,4,12,1,2,0,0,"Olivier Giroud (10),Alexis Sanchez (68)","Sergio Aguero (8),Kevin De Bruyne (51)"
38,Arsenal,Aston Villa,TRUE,Arsenal,Aston Villa,4,0,60007,7,3,7,0,14,3,0,1,0,0,"Olivier Giroud (5, 78, 80),Mark Bunn OG (90+2)",
1,Aston Villa,Bournemouth,FALSE,Bournemouth,Aston Villa,1,0,11155,3,2,2,7,5,9,4,3,0,0,Rudy Gestede (72),
2,Aston Villa,Man Utd,TRUE,Aston Villa,Man Utd,0,1,42200,1,2,3,4,4,6,2,2,0,0,,Adnan Januzaj (29)
3,Aston Villa,Crystal Palace,FALSE,Crystal Palace,Aston Villa,1,2,25295,2,7,6,7,8,14,3,3,0,0,Pape Souare OG (77),"Scott Dann (71),Bakary Sako (87)"
4,Aston Villa,Sunderland,TRUE,Aston Villa,Sunderland,2,2,35399,6,3,11,3,17,6,2,1,0,0,"Scott Sinclair (11 Pen, 41)","Yann M'Vila (8),Jeremain Lens (52)"
5,Aston Villa,Leicester,FALSE,Leicester,Aston Villa,2,3,31733,4,6,3,9,7,15,1,2,0,0,"Jack Grealish (39),Carles Gil (63)","Ritchie de Laet (72),Jamie Vardy (82),Nathan Dyer (89)"
6,Aston Villa,West Brom,TRUE,Aston Villa,West Brom,0,1,36321,3,6,5,2,8,8,2,3,0,0,,Saido Berahino (39)
7,Aston Villa,Liverpool,FALSE,Liverpool,Aston Villa,2,3,44228,4,12,5,2,9,14,0,0,0,0,"Rudy Gestede (66, 71)","James Milner (2),Daniel Sturridge (59, 67)"
8,Aston Villa,Stoke,TRUE,Aston Villa,Stoke,0,1,33189,2,5,4,4,6,9,1,0,0,0,,Marko Arnautovic (55)
9,Aston Villa,Chelsea,FALSE,Chelsea,Aston Villa,0,2,41596,2,3,6,3,8,6,3,1,0,0,,"Diego Costa (34),Alan Hutton OG (54)"
10,Aston Villa,Swansea,TRUE,Aston Villa,Swansea,1,2,33324,3,4,5,5,8,9,2,3,0,0,Jordan Ayew (62),"Gylfi Sigurdsson (68),Andre Ayew (87)"
11,Aston Villa,Spurs,FALSE,Spurs,Aston Villa,1,3,34882,2,6,5,4,7,10,3,0,0,0,Jordan Ayew (79),"Mousa Dembele (3),Dele Alli (45+1),Harry Kane (90+3)"
12,Aston Villa,Man City,TRUE,Aston Villa,Man City,0,0,36757,0,3,3,5,3,8,1,1,0,0,,
13,Aston Villa,Everton,FALSE,Everton,Aston Villa,0,4,38424,3,9,3,4,6,13,0,0,0,0,,"Ross Barkley (17, 42),Romelu Lukaku (28, 59)"
14,Aston Villa,Watford,TRUE,Aston Villa,Watford,2,3,35057,7,6,4,2,11,8,2,3,0,0,"Micah Richards (41),Jordan Ayew (89)","Odion Ighalo (17),Alan Hutton OG (69),Troy Deeney (85)"
15,Aston Villa,Southampton,FALSE,Southampton,Aston Villa,1,1,29645,2,5,4,12,6,17,2,1,0,0,Joleon Lescott (44),Oriol Romeu (73)
16,Aston Villa,Arsenal,TRUE,Aston Villa,Arsenal,0,2,33285,2,4,12,3,14,7,0,0,0,0,,"Olivier Giroud (8 Pen),Aaron Ramsey (38)"
17,Aston Villa,Newcastle,FALSE,Newcastle,Aston Villa,1,1,48234,7,4,3,4,10,8,3,1,0,0,Jordan Ayew (61),Fabricio Coloccini (38)
18,Aston Villa,West Ham,TRUE,Aston Villa,West Ham,1,1,38193,8,4,5,4,13,8,3,3,0,0,Jordan Ayew (62 Pen),Aaron Cresswell (45+2)
19,Aston Villa,Norwich,FALSE,Norwich,Aston Villa,0,2,27071,3,4,2,4,5,8,5,2,0,0,,"Jonny Howson (24),Dieumerci Mbokani (87)"
20,Aston Villa,Sunderland,FALSE,Sunderland,Aston Villa,1,3,41535,4,5,5,5,9,10,4,3,0,0,Carles Gil (63),"Micah Richards OG (30),Jermain Defoe (72, 90+2)"
21,Aston Villa,Crystal Palace,TRUE,Aston Villa,Crystal Palace,1,0,28245,3,2,3,7,6,9,2,1,0,0,Wayne Hennessey OG (58),
22,Aston Villa,Leicester,TRUE,Aston Villa,Leicester,1,1,32763,5,5,5,5,10,10,3,2,0,0,Rudy Gestede (75),Shinji Okazaki (28)
23,Aston Villa,West Brom,FALSE,West Brom,Aston Villa,0,0,26165,4,0,7,3,11,3,1,0,0,0,,
24,Aston Villa,West Ham,FALSE,West Ham,Aston Villa,0,2,34914,2,6,1,16,3,22,0,3,1,0,,"Michail Antonio (58),Cheikhou Kouyate (85)"
25,Aston Villa,Norwich,TRUE,Aston Villa,Norwich,2,0,32472,2,6,5,5,7,11,0,2,0,0,"Timm Klose OG (45),Gabriel Agbonlahor (51)",
26,Aston Villa,Liverpool,TRUE,Aston Villa,Liverpool,0,6,35798,1,9,4,1,5,10,3,1,0,0,,"Daniel Sturridge (16),James Milner (25),Emre Can (58),Divock Origi (63),Nathaniel Clyne (65),Kolo Toure (71)"
28,Aston Villa,Everton,TRUE,Aston Villa,Everton,1,3,29755,5,7,4,1,9,8,3,1,0,0,Rudy Gestede (79),"Ramiro Funes Mori (5),Aaron Lennon (30),Romelu Lukaku (60)"
27,Aston Villa,Stoke,FALSE,Stoke,Aston Villa,1,2,27703,1,3,4,6,5,9,3,0,0,0,Leandro Bacuna (79),"Marko Arnautovic (51 Pen, 56)"
29,Aston Villa,Man City,FALSE,Man City,Aston Villa,0,4,53892,1,9,0,10,1,19,1,0,0,0,,"Yaya Toure (48),Sergio Aguero (50, 60),Raheem Sterling (66)"
30,Aston Villa,Spurs,TRUE,Aston Villa,Spurs,0,2,32393,2,8,6,6,8,14,0,0,0,0,,"Harry Kane (45, 48)"
33,Aston Villa,Swansea,FALSE,Swansea,Aston Villa,0,1,20454,2,1,4,6,6,7,2,3,0,0,,Federico Fernandez (53)
32,Aston Villa,Bournemouth,TRUE,Aston Villa,Bournemouth,1,2,31057,1,3,5,6,6,9,2,2,0,0,Jordan Ayew (85),"Steve Cook (45+2),Joshua King (74)"
31,Aston Villa,Chelsea,TRUE,Aston Villa,Chelsea,0,4,31120,4,8,6,3,10,11,4,1,1,0,,"Ruben Loftus-Cheek (26),Alexandre Pato (45+3 Pen),Pedro (46, 59)"
35,Aston Villa,Southampton,TRUE,Aston Villa,Southampton,2,4,29729,7,7,7,6,14,13,2,0,0,0,"Ashley Westwood (45+1, 85)","Shane Long (15),Dusan Tadic (39, 71),Sadio Mane (90+4)"
34,Aston Villa,Man Utd,FALSE,Man Utd,Aston Villa,0,1,75411,1,4,4,7,5,11,1,0,0,0,,Marcus Rashford (32)
36,Aston Villa,Watford,FALSE,Watford,Aston Villa,2,3,20653,2,6,4,7,6,13,3,2,1,0,"Ciaran Clark (28),Jordan Ayew (48)","Almen Abdi (45+2),Troy Deeney (90, 90+3)"
37,Aston Villa,Newcastle,TRUE,Aston Villa,Newcastle,0,0,33055,0,3,2,5,2,8,1,1,0,0,,
38,Aston Villa,Arsenal,FALSE,Arsenal,Aston Villa,0,4,60007,3,7,0,7,3,14,1,0,0,0,,"Olivier Giroud (5, 78, 80),Mark Bunn OG (90+2)"
1,Bournemouth,Aston Villa,TRUE,Bournemouth,Aston Villa,0,1,11155,2,3,7,2,9,5,3,4,0,0,,Rudy Gestede (72)
2,Bournemouth,Liverpool,FALSE,Liverpool,Bournemouth,0,1,44102,2,2,6,11,8,13,4,1,0,0,,Christian Benteke (26)
3,Bournemouth,West Ham,FALSE,West Ham,Bournemouth,4,3,34977,7,4,6,3,13,7,1,0,0,1,"Callum Wilson (11, 28, 79 Pen),Marc Pugh (66)","Mark Noble (48 Pen),Cheikhou Kouyate (53),Modibo Maiga (82)"
4,Bournemouth,Leicester,TRUE,Bournemouth,Leicester,1,1,11155,2,2,0,2,2,4,2,4,0,0,Callum Wilson (24),Jamie Vardy (86 Pen)
5,Bournemouth,Norwich,FALSE,Norwich,Bournemouth,1,3,27018,2,4,3,8,5,12,3,2,0,0,Steve Cook (81),"Cameron Jerome (35),Wes Hoolahan (52),Matthew Jarvis (67)"
6,Bournemouth,Sunderland,TRUE,Bournemouth,Sunderland,2,0,11271,5,2,4,3,9,5,2,4,0,1,"Callum Wilson (4),Matt Ritchie (9)",
7,Bournemouth,Stoke,FALSE,Stoke,Bournemouth,1,2,27742,6,5,2,2,8,7,0,1,0,0,Dan Gosling (76),"Jonathan Walters (32),Mame Biram Diouf (83)"
8,Bournemouth,Watford,TRUE,Bournemouth,Watford,1,1,11187,6,2,4,5,10,7,1,1,0,0,Glenn Murray (28),Odion Ighalo (45)
9,Bournemouth,Man City,FALSE,Man City,Bournemouth,1,5,54502,1,11,3,5,4,16,1,2,0,0,Glenn Murray (22),"Raheem Sterling (7, 29, 45+3),Wilfried Bony (11, 89)"
10,Bournemouth,Spurs,TRUE,Bournemouth,Spurs,1,5,11332,3,9,6,2,9,11,0,1,0,0,Matt Ritchie (1),"Harry Kane (9 Pen, 56, 63),Mousa Dembele (17),Erik Lamela (29)"
11,Bournemouth,Southampton,FALSE,Southampton,Bournemouth,0,2,31229,2,2,9,4,11,6,2,0,0,1,,"Steven Davis (31),Graziano Pelle (36)"
12,Bournemouth,Newcastle,TRUE,Bournemouth,Newcastle,0,1,11155,5,1,8,1,13,2,2,2,0,0,,Ayoze Perez (27)
13,Bournemouth,Swansea,FALSE,Swansea,Bournemouth,2,2,20878,4,4,6,2,10,6,2,3,0,0,"Joshua King (10),Dan Gosling (26)","Andre Ayew (28),Jonjo Shelvey (39 Pen)"
14,Bournemouth,Everton,TRUE,Bournemouth,Everton,3,3,11228,10,6,5,1,15,7,2,0,0,0,"Adam Smith (80),Junior Stanislas (87, 90+8)","Ramiro Funes Mori (25),Romelu Lukaku (36),Ross Barkley (90+5)"
15,Bournemouth,Chelsea,FALSE,Chelsea,Bournemouth,1,0,41631,5,6,4,9,9,15,1,2,0,0,Glenn Murray (82),
16,Bournemouth,Man Utd,TRUE,Bournemouth,Man Utd,2,1,11334,5,5,6,3,11,8,2,1,0,0,"Junior Stanislas (2),Joshua King (54)",Marouane Fellaini (24)
17,Bournemouth,West Brom,FALSE,West Brom,Bournemouth,2,1,26127,6,2,5,2,11,4,1,2,0,2,"Adam Smith (52),Charlie Daniels (87 Pen)",Gareth McAuley (79)
18,Bournemouth,Crystal Palace,TRUE,Bournemouth,Crystal Palace,0,0,11218,4,1,4,4,8,5,1,0,0,0,,
19,Bournemouth,Arsenal,FALSE,Arsenal,Bournemouth,0,2,59983,3,6,3,4,6,10,0,2,0,0,,"Gabriel Paulista (27),Mesut Ozil (63)"
20,Bournemouth,Leicester,FALSE,Leicester,Bournemouth,0,0,32006,0,2,4,12,4,14,1,1,1,0,,
21,Bournemouth,West Ham,TRUE,Bournemouth,West Ham,1,3,11071,4,5,3,4,7,9,1,1,0,0,Harry Arter (17),"Dimitri Payet (67),Enner Valencia (74, 84)"
22,Bournemouth,Norwich,TRUE,Bournemouth,Norwich,3,0,11065,7,3,6,3,13,6,1,1,0,0,"Dan Gosling (10),Charlie Daniels (54 Pen),Benik Afobe (75)",
23,Bournemouth,Sunderland,FALSE,Sunderland,Bournemouth,1,1,41367,5,5,7,1,12,6,1,1,0,0,Benik Afobe (13),Patrick van Aanholt (45+1)
24,Bournemouth,Crystal Palace,FALSE,Crystal Palace,Bournemouth,2,1,24855,4,3,2,6,6,9,4,3,0,0,"Marc Pugh (34),Benik Afobe (57)",Scott Dann (27)
25,Bournemouth,Arsenal,TRUE,Bournemouth,Arsenal,0,2,11357,4,5,7,2,11,7,0,1,0,0,,"Mesut Ozil (23),Alex Oxlade-Chamberlain (24)"
26,Bournemouth,Stoke,TRUE,Bournemouth,Stoke,1,3,10863,2,6,4,4,6,10,4,2,0,0,Matt Ritchie (57),"Giannelli Imbula (9),Ibrahim Afellay (52),Joselu (55)"
28,Bournemouth,Southampton,TRUE,Bournemouth,Southampton,2,0,11033,4,1,2,3,6,4,0,0,0,0,"Steve Cook (31),Benik Afobe (79)",
27,Bournemouth,Watford,FALSE,Watford,Bournemouth,0,0,20831,3,1,4,9,7,10,1,3,0,0,,
29,Bournemouth,Newcastle,FALSE,Newcastle,Bournemouth,3,1,52107,5,4,4,5,9,9,3,1,0,0,"Steven Taylor OG (28),Joshua King (70),Charlie Daniels (90+2)",Ayoze Perez (80)
30,Bournemouth,Swansea,TRUE,Bournemouth,Swansea,3,2,11179,4,4,6,7,10,11,1,0,0,0,"Max Gradel (37),Joshua King (50),Steve Cook (78)","Modou Barrow (39),Gylfi Sigurdsson (62)"
31,Bournemouth,Spurs,FALSE,Spurs,Bournemouth,0,3,36084,0,8,2,8,2,16,1,0,0,0,,"Harry Kane (1, 16),Christian Eriksen (52)"
32,Bournemouth,Man City,TRUE,Bournemouth,Man City,0,4,11192,2,7,5,8,7,15,0,1,0,0,,"Fernando (7),Kevin De Bruyne (12),Sergio Aguero (19),Aleksandar Kolarov (90+3)"
33,Bournemouth,Aston Villa,FALSE,Aston Villa,Bournemouth,2,1,31057,3,1,6,5,9,6,2,2,0,0,"Steve Cook (45+2),Joshua King (74)",Jordan Ayew (85)
34,Bournemouth,Liverpool,TRUE,Bournemouth,Liverpool,1,2,11386,5,6,5,9,10,15,0,0,0,0,Joshua King (90+3),"Roberto Firmino (41),Daniel Sturridge (45+2)"
35,Bournemouth,Chelsea,TRUE,Bournemouth,Chelsea,1,4,11365,4,4,6,4,10,8,1,0,0,0,Tommy Elphick (36),"Pedro (5),Eden Hazard (34, 90+1),Willian (71)"
37,Bournemouth,Everton,FALSE,Everton,Bournemouth,1,2,38345,2,5,7,4,9,9,0,1,0,0,Marc Pugh (9),"Tom Cleverley (7),Leighton Baines (64)"
36,Bournemouth,West Brom,TRUE,Bournemouth,West Brom,1,1,11040,4,4,6,6,10,10,2,1,0,0,Matt Ritchie (82),Saloman Rondan (16)
38,Bournemouth,Man Utd,FALSE,Man Utd,Bournemouth,1,3,74363,0,6,3,3,3,9,0,1,0,0,Chris Smalling OG (90+3),"Wayne Rooney (43),Marcus Rashford (74),Ashley Young (87)"
1,Chelsea,Swansea,TRUE,Chelsea,Swansea,2,2,41232,3,11,5,2,8,13,1,3,1,0,"Oscar (23),Federico Fernandez OG (30)","Andre Ayew (29),Bafetimbi Gomis (55 Pen)"
2,Chelsea,Man City,FALSE,Man City,Chelsea,0,3,54331,3,8,4,6,7,14,2,4,0,0,,"Sergio Aguero (31),Vincent Kompany (79),Fernandinho (85)"
3,Chelsea,West Brom,FALSE,West Brom,Chelsea,3,2,23256,5,6,7,6,12,12,1,2,1,0,"Pedro (20),Diego Costa (30),Cesar Azpilicueta (42)","James Morrison (35, 59)"
4,Chelsea,Crystal Palace,TRUE,Chelsea,Crystal Palace,1,2,41581,9,5,9,6,18,11,1,1,0,0,Falcao (79),"Bakary Sako (65),Joel Ward (81)"
5,Chelsea,Everton,FALSE,Everton,Chelsea,1,3,38311,2,9,6,5,8,14,2,2,0,0,Nemanja Matic (36),"Steven Naismith (17, 22, 82)"
6,Chelsea,Arsenal,TRUE,Chelsea,Arsenal,2,0,41584,6,3,6,4,12,7,3,1,0,2,"Kurt Zouma (53),Calum Chambers OG (90+1)",
7,Chelsea,Newcastle,FALSE,Newcastle,Chelsea,2,2,48682,4,5,8,3,12,8,2,1,0,0,"Ramires (79),Willian (86)","Ayoze Perez (42),Georginio Wijnaldum (60)"
8,Chelsea,Southampton,TRUE,Chelsea,Southampton,1,3,41642,3,5,4,4,7,9,2,5,0,0,Willian (10),"Steven Davis (43),Sadio Mane (60),Graziano Pelle (72)"
9,Chelsea,Aston Villa,TRUE,Chelsea,Aston Villa,2,0,41596,3,2,3,6,6,8,1,3,0,0,"Diego Costa (34),Alan Hutton OG (54)",
10,Chelsea,West Ham,FALSE,West Ham,Chelsea,1,2,34977,4,5,5,4,9,9,5,1,2,0,Gary Cahill (56),"Mauro Zárate (17),Andy Carroll (79)"
11,Chelsea,Liverpool,TRUE,Chelsea,Liverpool,1,3,41577,2,7,2,5,4,12,1,4,0,0,Ramires (4),"Philippe Coutinho (45+3, 74),Christian Benteke (83)"
12,Chelsea,Stoke,FALSE,Stoke,Chelsea,0,1,27550,4,2,8,5,12,7,1,3,0,0,,Marko Arnautovic (53)
13,Chelsea,Norwich,TRUE,Chelsea,Norwich,1,0,41582,7,2,9,1,16,3,1,4,0,0,Diego Costa (64),
14,Chelsea,Spurs,FALSE,Spurs,Chelsea,0,0,35639,1,4,3,2,4,6,2,4,0,0,,
15,Chelsea,Bournemouth,TRUE,Chelsea,Bournemouth,0,1,41631,6,5,9,4,15,9,2,1,0,0,,Glenn Murray (82)
16,Chelsea,Leicester,FALSE,Leicester,Chelsea,1,2,32054,4,5,3,3,7,8,0,2,0,0,Loic Remy (77),"Jamie Vardy (34),Riyad Mahrez (48)"
17,Chelsea,Sunderland,TRUE,Chelsea,Sunderland,3,1,41562,7,3,6,6,13,9,1,3,0,0,"Branislav Ivanovic (5),Pedro (13),Oscar (50 Pen)",Fabio Borini (52)
18,Chelsea,Watford,TRUE,Chelsea,Watford,2,2,41630,3,2,8,5,11,7,1,4,0,0,"Diego Costa (32, 65)","Troy Deeney (42 Pen),Gary Cahill OG (56)"
19,Chelsea,Man Utd,FALSE,Man Utd,Chelsea,0,0,75275,3,2,5,5,8,7,2,4,0,0,,
20,Chelsea,Crystal Palace,FALSE,Crystal Palace,Chelsea,3,0,24854,4,4,2,2,6,6,0,3,0,0,"Oscar (29),Willian (60),Diego Costa (66)",
21,Chelsea,West Brom,TRUE,Chelsea,West Brom,2,2,40945,2,6,8,6,10,12,3,3,0,0,"Cesar Azpilicueta (20),Gareth McAuley OG (73)","Craig Gardner (33),James McClean (86)"
22,Chelsea,Everton,TRUE,Chelsea,Everton,3,3,41633,8,4,3,3,11,7,1,1,0,0,"Diego Costa (64),Cesc Fabregas (66),John Terry (90+8)","John Terry OG (50),Kevin Mirallas (56),Ramiro Funes Mori (90)"
23,Chelsea,Arsenal,FALSE,Arsenal,Chelsea,1,0,60072,6,1,3,7,9,8,3,1,0,1,Diego Costa (23),
24,Chelsea,Watford,FALSE,Watford,Chelsea,0,0,20910,4,3,3,2,7,5,1,2,0,0,,
25,Chelsea,Man Utd,TRUE,Chelsea,Man Utd,1,1,41434,5,7,6,6,11,13,0,3,0,0,Diego Costa (90+1),Jesse Lingard (61)
26,Chelsea,Newcastle,TRUE,Chelsea,Newcastle,5,1,41622,7,3,4,2,11,5,0,2,0,0,"Diego Costa (5),Pedro (9, 59),Willian (17),Bertrand Traore (83)",Andros Townsend (90)
27,Chelsea,Southampton,FALSE,Southampton,Chelsea,2,1,31688,4,2,9,3,13,5,1,3,0,0,"Cesc Fabregas (75),Branislav Ivanovic (89)",Shane Long (42)
29,Chelsea,Stoke,TRUE,Chelsea,Stoke,1,1,41381,7,5,8,8,15,13,1,2,0,0,Bertrand Traore (39),Mame Biram Diouf (85)
28,Chelsea,Norwich,FALSE,Norwich,Chelsea,2,1,27091,2,2,4,7,6,9,2,3,0,0,"Kenedy (1),Diego Costa (45+1)",Nathan Redmond (68)
30,Chelsea,West Ham,TRUE,Chelsea,West Ham,2,2,41623,5,6,11,3,16,9,3,5,0,0,"Cesc Fabregas (45+3, 89 Pen)","Manuel Lanzini (17),Andy Carroll (61)"
31,Chelsea,Aston Villa,FALSE,Aston Villa,Chelsea,4,0,31120,8,4,3,6,11,10,1,4,0,1,"Ruben Loftus-Cheek (26),Alexandre Pato (45+3 Pen),Pedro (46, 59)",
32,Chelsea,Swansea,FALSE,Swansea,Chelsea,0,1,20966,2,6,3,3,5,9,4,5,0,0,,Gylfi Sigurdsson (25)
33,Chelsea,Man City,TRUE,Chelsea,Man City,0,3,41212,4,8,3,1,7,9,2,3,1,0,,"Sergio Aguero (33, 54, 80 Pen)"
34,Chelsea,Bournemouth,FALSE,Bournemouth,Chelsea,4,1,11365,4,4,4,6,8,10,0,1,0,0,"Pedro (5),Eden Hazard (34, 90+1),Willian (71)",Tommy Elphick (36)
35,Chelsea,Spurs,TRUE,Chelsea,Spurs,2,2,41545,5,5,5,5,10,10,3,9,0,0,"Gary Cahill (58),Eden Hazard (83)","Harry Kane (35),Son Heung-Min (44)"
36,Chelsea,Sunderland,FALSE,Sunderland,Chelsea,2,3,47050,8,4,0,3,8,7,1,4,1,0,"Diego Costa (14),Nemanja Matic (45+3)","Wahbi Khazri (41),Fabio Borini (67),Jermain Defoe (70)"
37,Chelsea,Liverpool,FALSE,Liverpool,Chelsea,1,1,43210,7,9,3,10,10,19,1,3,0,0,Eden Hazard (32),Christian Benteke (90+2)
38,Chelsea,Leicester,TRUE,Chelsea,Leicester,1,1,41494,4,5,4,6,8,11,0,0,0,0,Cesc Fabregas (66 Pen),Daniel Drinkwater (82)
1,Crystal Palace,Norwich,FALSE,Norwich,Crystal Palace,3,1,27036,7,6,2,9,9,15,0,1,0,0,"Wilfried Zaha (39),Damien Delaney (49),Yohan Cabaye (90+4)",Nathan Redmond (69)
2,Crystal Palace,Arsenal,TRUE,Crystal Palace,Arsenal,1,2,24732,5,7,4,6,9,13,1,1,0,0,Joel Ward (28),"Olivier Giroud (16),Damien Delaney OG (55)"
3,Crystal Palace,Aston Villa,TRUE,Crystal Palace,Aston Villa,2,1,25295,7,2,7,6,14,8,3,3,0,0,"Scott Dann (71),Bakary Sako (87)",Pape Souare OG (77)
4,Crystal Palace,Chelsea,FALSE,Chelsea,Crystal Palace,2,1,41581,5,9,6,9,11,18,1,1,0,0,"Bakary Sako (65),Joel Ward (81)",Falcao (79)
5,Crystal Palace,Man City,TRUE,Crystal Palace,Man City,0,1,25167,2,7,6,9,8,16,2,3,0,0,,Kelechi Iheanacho (90)
6,Crystal Palace,Spurs,FALSE,Spurs,Crystal Palace,0,1,35723,4,6,4,6,8,12,2,1,0,0,,Son Heung-Min (68)
7,Crystal Palace,Watford,FALSE,Watford,Crystal Palace,1,0,20168,3,2,8,9,11,11,4,4,0,0,Yohan Cabaye (71 Pen),
8,Crystal Palace,West Brom,TRUE,Crystal Palace,West Brom,2,0,24033,8,2,7,3,15,5,3,3,0,0,"Yannick Bolasie (68),Yohan Cabaye (89 Pen)",
9,Crystal Palace,West Ham,TRUE,Crystal Palace,West Ham,1,3,24812,1,4,3,12,4,16,1,3,1,0,Yohan Cabaye (25 Pen),"Carl Jenkinson (22),Manuel Lanzini (88),Dimitri Payet (90+4)"
10,Crystal Palace,Leicester,FALSE,Leicester,Crystal Palace,0,1,31752,4,3,3,5,7,8,1,3,0,0,,Jamie Vardy (59)
11,Crystal Palace,Man Utd,TRUE,Crystal Palace,Man Utd,0,0,24854,5,1,3,2,8,3,3,3,0,0,,
12,Crystal Palace,Liverpool,FALSE,Liverpool,Crystal Palace,2,1,44115,4,4,4,9,8,13,2,1,0,0,"Yannick Bolasie (21),Scott Dann (82)",Philippe Coutinho (42)
13,Crystal Palace,Sunderland,TRUE,Crystal Palace,Sunderland,0,1,24361,7,4,8,6,15,10,1,3,0,0,,Jermain Defoe (80)
14,Crystal Palace,Newcastle,TRUE,Crystal Palace,Newcastle,5,1,24833,8,2,6,1,14,3,1,1,0,0,"James McArthur (14, 90+3),Yannick Bolasie (17, 47),Wilfried Zaha (41)",Papiss Demba Cisse (10)
15,Crystal Palace,Everton,FALSE,Everton,Crystal Palace,1,1,35736,5,4,8,8,13,12,2,1,0,0,Scott Dann (76),Romelu Lukaku (81)
16,Crystal Palace,Southampton,TRUE,Crystal Palace,Southampton,1,0,24914,5,3,3,8,8,11,0,0,0,0,Yohan Cabaye (38),
17,Crystal Palace,Stoke,FALSE,Stoke,Crystal Palace,2,1,27500,3,5,7,10,10,15,0,2,0,0,"Connor Wickham (45+1 Pen),Lee Chung-yong (88)",Bojan (76 Pen)
18,Crystal Palace,Bournemouth,FALSE,Bournemouth,Crystal Palace,0,0,11218,1,4,4,4,5,8,0,1,0,0,,
19,Crystal Palace,Swansea,TRUE,Crystal Palace,Swansea,0,0,23714,2,3,6,0,8,3,3,2,0,0,,
20,Crystal Palace,Chelsea,TRUE,Crystal Palace,Chelsea,0,3,24854,4,4,2,2,6,6,3,0,0,0,,"Oscar (29),Willian (60),Diego Costa (66)"
21,Crystal Palace,Aston Villa,FALSE,Aston Villa,Crystal Palace,0,1,28245,2,3,7,3,9,6,1,2,0,0,,Wayne Hennessey OG (58)
22,Crystal Palace,Man City,FALSE,Man City,Crystal Palace,0,4,53983,3,4,5,6,8,10,2,0,0,0,,"Fabian Delph (22),Sergio Aguero (41, 68),David Silva (84)"
23,Crystal Palace,Spurs,TRUE,Crystal Palace,Spurs,1,3,24867,3,12,3,6,6,18,2,2,0,0,Jan Vertonghen OG (30),"Harry Kane (63),Dele Alli (84),Nacer Chadli (90+5)"
24,Crystal Palace,Bournemouth,TRUE,Crystal Palace,Bournemouth,1,2,24855,3,4,6,2,9,6,3,4,0,0,Scott Dann (27),"Marc Pugh (34),Benik Afobe (57)"
25,Crystal Palace,Swansea,FALSE,Swansea,Crystal Palace,1,1,20492,2,3,6,8,8,11,2,1,0,0,Scott Dann (47),Gylfi Sigurdsson (13)
26,Crystal Palace,Watford,TRUE,Crystal Palace,Watford,1,2,24564,5,4,8,2,13,6,0,1,1,0,Emmanuel Adebayor (45),"Troy Deeney (16 Pen, 82)"
27,Crystal Palace,West Brom,FALSE,West Brom,Crystal Palace,2,3,24806,2,5,8,5,10,10,2,2,0,0,"Connor Wickham (48, 80)","Craig Gardner (12),Craig Dawson (20),Saido Berahino (31)"
28,Crystal Palace,Sunderland,FALSE,Sunderland,Crystal Palace,2,2,39795,5,6,4,7,9,13,1,1,0,0,"Connor Wickham (61, 67)","Dame N'Doye (36),Fabio Borini (90)"
29,Crystal Palace,Liverpool,TRUE,Crystal Palace,Liverpool,1,2,24709,4,5,6,6,10,11,1,2,0,1,Joe Ledley (48),"Roberto Firmino (72),Christian Benteke (90+6 Pen)"
30,Crystal Palace,Leicester,TRUE,Crystal Palace,Leicester,0,1,25041,4,3,7,3,11,6,1,1,0,0,,Riyad Mahrez (34)
31,Crystal Palace,West Ham,FALSE,West Ham,Crystal Palace,2,2,34857,5,6,4,6,9,12,2,2,0,1,"Damien Delaney (15),Dwight Gayle (75)","Manuel Lanzini (18),Dimitri Payet (41)"
32,Crystal Palace,Norwich,TRUE,Crystal Palace,Norwich,1,0,24960,7,4,5,6,12,10,2,1,0,0,Jason Puncheon (68),
33,Crystal Palace,Everton,TRUE,Crystal Palace,Everton,0,0,23528,7,5,9,2,16,7,0,1,0,1,,
34,Crystal Palace,Arsenal,FALSE,Arsenal,Crystal Palace,1,1,59961,2,6,4,7,6,13,2,0,0,0,Yannick Bolasie (81),Alexis Sanchez (45+1)
35,Crystal Palace,Man Utd,FALSE,Man Utd,Crystal Palace,0,2,75277,1,10,1,3,2,13,2,1,0,0,,"Damien Delaney OG (4),Matteo Darmian (55)"
36,Crystal Palace,Newcastle,FALSE,Newcastle,Crystal Palace,0,1,52107,3,4,5,3,8,7,0,2,0,0,,Andros Townsend (58)
37,Crystal Palace,Stoke,TRUE,Crystal Palace,Stoke,2,1,23990,4,3,6,7,10,10,2,3,0,0,"Dwight Gayle (47, 68)",Charlie Adam (26)
38,Crystal Palace,Southampton,FALSE,Southampton,Crystal Palace,1,4,31313,4,5,4,12,8,17,2,1,0,0,Jason Puncheon (64),"Sadio Mane (43),Graziano Pelle (61),Ryan Bertrand (75 Pen),Steven Davis (87)"
1,Everton,Watford,TRUE,Everton,Watford,2,2,39063,5,5,3,3,8,8,1,2,0,0,"Ross Barkley (76),Arouna Kone (86)","Miguel Layan (13),Odion Ighalo (83)"
2,Everton,Southampton,FALSE,Southampton,Everton,3,0,30966,4,4,2,9,6,13,2,4,0,0,"Romelu Lukaku (22, 45),Ross Barkley (84)",
3,Everton,Man City,TRUE,Everton,Man City,0,2,38523,1,9,5,3,6,12,0,3,0,0,,"Aleksandar Kolarov (60),Samir Nasri (88)"
4,Everton,Spurs,FALSE,Spurs,Everton,0,0,35865,3,6,4,8,7,14,1,4,0,0,,
5,Everton,Chelsea,TRUE,Everton,Chelsea,3,1,38311,9,2,5,6,14,8,2,2,0,0,"Steven Naismith (17, 22, 82)",Nemanja Matic (36)
6,Everton,Swansea,FALSE,Swansea,Everton,0,0,20805,2,3,7,6,9,9,2,2,1,0,,
7,Everton,West Brom,FALSE,West Brom,Everton,3,2,24240,4,4,5,4,9,8,3,0,0,0,"Romelu Lukaku (55, 84),Arouna Kone (75)","Saido Berahino (41),Craig Dawson (54)"
8,Everton,Liverpool,TRUE,Everton,Liverpool,1,1,39598,4,4,2,5,6,9,3,3,0,0,Romelu Lukaku (45+1),Danny Ings (41)
9,Everton,Man Utd,TRUE,Everton,Man Utd,0,3,39553,3,7,6,2,9,9,2,2,0,0,,"Morgan Schneiderlin (18),Ander Herrera (22),Wayne Rooney (62)"
10,Everton,Arsenal,FALSE,Arsenal,Everton,1,2,59985,5,5,3,9,8,14,0,2,1,0,Ross Barkley (44),"Olivier Giroud (36),Laurent Koscielny (38)"
11,Everton,Sunderland,TRUE,Everton,Sunderland,6,2,36617,8,10,5,3,13,13,3,2,0,0,"Gerard Deulofeu (19),Arouna Kone (31, 62, 76),Sebastian Coates OG (55),Romelu Lukaku (60)","Jermain Defoe (45+4),Steven Fletcher (50)"
12,Everton,West Ham,FALSE,West Ham,Everton,1,1,34977,4,5,6,8,10,13,2,1,0,0,Romelu Lukaku (43),Manuel Lanzini (30)
13,Everton,Aston Villa,TRUE,Everton,Aston Villa,4,0,38424,9,3,4,3,13,6,0,0,0,0,"Ross Barkley (17, 42),Romelu Lukaku (28, 59)",
14,Everton,Bournemouth,FALSE,Bournemouth,Everton,3,3,11228,6,10,1,5,7,15,0,2,0,0,"Ramiro Funes Mori (25),Romelu Lukaku (36),Ross Barkley (90+5)","Adam Smith (80),Junior Stanislas (87, 90+8)"
15,Everton,Crystal Palace,TRUE,Everton,Crystal Palace,1,1,35736,4,5,8,8,12,13,1,2,0,0,Romelu Lukaku (81),Scott Dann (76)
16,Everton,Norwich,FALSE,Norwich,Everton,1,1,27027,3,2,10,5,13,7,0,1,0,0,Romelu Lukaku (15),Wes Hoolahan (47)
17,Everton,Leicester,TRUE,Everton,Leicester,2,3,39570,5,5,5,5,10,10,2,1,0,0,"Romelu Lukaku (32),Kevin Mirallas (89)","Riyad Mahrez (27 Pen, 65 Pen),Shinji Okazaki (69)"
18,Everton,Newcastle,FALSE,Newcastle,Everton,1,0,51682,7,1,5,6,12,7,2,2,0,0,Tom Cleverley (90+3),
19,Everton,Stoke,TRUE,Everton,Stoke,3,4,39340,3,5,6,1,9,6,2,1,0,0,"Romelu Lukaku (22, 64),Gerard Deulofeu (71)","Xherdan Shaqiri (16, 45),Joselu (80),Marko Arnautovic (90+1 Pen)"
20,Everton,Spurs,TRUE,Everton,Spurs,1,1,38482,3,4,4,4,7,8,1,2,0,0,Aaron Lennon (22),Dele Alli (45+1)
21,Everton,Man City,FALSE,Man City,Everton,0,0,53796,2,5,3,7,5,12,1,0,0,0,,
22,Everton,Chelsea,FALSE,Chelsea,Everton,3,3,41633,4,8,3,3,7,11,1,1,0,0,"John Terry OG (50),Kevin Mirallas (56),Ramiro Funes Mori (90)","Diego Costa (64),Cesc Fabregas (66),John Terry (90+8)"
23,Everton,Swansea,TRUE,Everton,Swansea,1,2,36908,2,6,11,1,13,7,0,3,0,0,Jack Cork OG (26),"Gylfi Sigurdsson (17 Pen),Andre Ayew (34)"
24,Everton,Newcastle,TRUE,Everton,Newcastle,3,0,36061,7,3,8,2,15,5,1,1,0,1,"Aaron Lennon (23),Ross Barkley (88 Pen, 90+4 Pen)",
25,Everton,Stoke,FALSE,Stoke,Everton,3,0,27733,6,3,3,5,9,8,0,1,0,1,"Romelu Lukaku (11 Pen),Seamus Coleman (28),Aaron Lennon (42)",
26,Everton,West Brom,TRUE,Everton,West Brom,0,1,38103,6,1,12,3,18,4,1,4,0,0,,Saloman Rondan (14)
27,Everton,Aston Villa,FALSE,Aston Villa,Everton,3,1,29755,7,5,1,4,8,9,1,3,0,0,"Ramiro Funes Mori (5),Aaron Lennon (30),Romelu Lukaku (60)",Rudy Gestede (79)
28,Everton,West Ham,TRUE,Everton,West Ham,2,3,39000,8,5,2,7,10,12,2,3,1,0,"Romelu Lukaku (13),Aaron Lennon (56)","Michail Antonio (78),Diafra Sakho (81),Dimitri Payet (90)"
29,Everton,Arsenal,TRUE,Everton,Arsenal,0,2,39270,2,3,5,4,7,7,0,0,0,0,,"Danny Welbeck (7),Alex Iwobi (42)"
30,Everton,Man Utd,FALSE,Man Utd,Everton,0,1,75341,1,2,1,3,2,5,0,2,0,0,,Anthony Martial (54)
31,Everton,Watford,FALSE,Watford,Everton,1,1,20663,8,4,3,6,11,10,1,2,0,0,James McCarthy (45+1),Seamus Coleman OG (45+2)
32,Everton,Crystal Palace,FALSE,Crystal Palace,Everton,0,0,23528,5,7,2,9,7,16,1,0,1,0,,
33,Everton,Southampton,TRUE,Everton,Southampton,1,1,36761,2,4,2,9,4,13,1,1,0,0,Ramiro Funes Mori (68),Sadio Mane (76)
34,Everton,Liverpool,FALSE,Liverpool,Everton,0,4,43854,0,13,2,14,2,27,1,1,1,0,,"Divock Origi (43),Mamadou Sakho (45+2),Daniel Sturridge (61),Philippe Coutinho (76)"
35,Everton,Bournemouth,TRUE,Everton,Bournemouth,2,1,38345,5,2,4,7,9,9,1,0,0,0,"Tom Cleverley (7),Leighton Baines (64)",Marc Pugh (9)
36,Everton,Leicester,FALSE,Leicester,Everton,1,3,32140,5,8,3,14,8,22,3,0,0,0,Kevin Mirallas (88),"Jamie Vardy (5, 65 Pen),Andy King (33)"
37,Everton,Sunderland,FALSE,Sunderland,Everton,0,3,46454,6,8,5,3,11,11,0,1,0,0,,"Patrick van Aanholt (38),Lamine Kone (42, 55)"
38,Everton,Norwich,TRUE,Everton,Norwich,3,0,36691,8,2,4,7,12,9,0,0,0,0,"James McCarthy (19),Leighton Baines (44 Pen),Kevin Mirallas (48)",
1,Leicester,Sunderland,TRUE,Leicester,Sunderland,4,2,32242,8,5,7,4,15,9,2,4,0,0,"Jamie Vardy (11),Riyad Mahrez (18, 25 Pen),Marc Albrighton (66)","Jermain Defoe (60),Steven Fletcher (71)"
2,Leicester,West Ham,FALSE,West Ham,Leicester,2,1,34857,5,3,3,3,8,6,3,1,0,1,"Shinji Okazaki (27),Riyad Mahrez (38)",Dimitri Payet (55)
3,Leicester,Spurs,TRUE,Leicester,Spurs,1,1,31971,2,6,5,9,7,15,1,4,0,0,Riyad Mahrez (82),Dele Alli (81)
4,Leicester,Bournemouth,FALSE,Bournemouth,Leicester,1,1,11155,2,2,2,0,4,2,4,2,0,0,Jamie Vardy (86 Pen),Callum Wilson (24)
5,Leicester,Aston Villa,TRUE,Leicester,Aston Villa,3,2,31733,6,4,9,3,15,7,2,1,0,0,"Ritchie de Laet (72),Jamie Vardy (82),Nathan Dyer (89)","Jack Grealish (39),Carles Gil (63)"
6,Leicester,Stoke,FALSE,Stoke,Leicester,2,2,27642,5,4,6,5,11,9,4,1,0,0,"Riyad Mahrez (51 Pen),Jamie Vardy (69)","Bojan (13),Jonathan Walters (20)"
7,Leicester,Arsenal,TRUE,Leicester,Arsenal,2,5,32047,7,12,6,2,13,14,1,1,0,0,"Jamie Vardy (13, 89)","Theo Walcott (18),Alexis Sanchez (33, 57, 81),Olivier Giroud (90+3)"
8,Leicester,Norwich,FALSE,Norwich,Leicester,2,1,27067,5,2,8,9,13,11,1,0,0,0,"Jamie Vardy (28 Pen),Jeffrey Schlupp (47)",Dieumerci Mbokani (68)
9,Leicester,Southampton,FALSE,Southampton,Leicester,2,2,30966,7,6,12,5,19,11,0,2,0,0,"Jamie Vardy (66, 90+1)","Jose Fonte (21),Virgil van Dijk (37)"
10,Leicester,Crystal Palace,TRUE,Leicester,Crystal Palace,1,0,31752,3,4,5,3,8,7,3,1,0,0,Jamie Vardy (59),
11,Leicester,West Brom,FALSE,West Brom,Leicester,3,2,24150,5,6,3,5,8,11,2,0,0,0,"Riyad Mahrez (57, 64),Jamie Vardy (77)","Saloman Rondan (30),Rickie Lambert (84 Pen)"
12,Leicester,Watford,TRUE,Leicester,Watford,2,1,32029,6,4,4,4,10,8,0,1,0,0,"N'Golo Kante (52),Jamie Vardy (65 Pen)",Troy Deeney (75 Pen)
13,Leicester,Newcastle,FALSE,Newcastle,Leicester,3,0,50151,7,1,5,4,12,5,1,4,0,0,"Jamie Vardy (45+1),Leonardo Ulloa (62),Shinji Okazaki (83)",
14,Leicester,Man Utd,TRUE,Leicester,Man Utd,1,1,32115,3,2,2,4,5,6,0,1,0,0,Jamie Vardy (24),Bastian Schweinsteiger (45+1)
15,Leicester,Swansea,FALSE,Swansea,Leicester,3,0,20836,5,2,5,8,10,10,3,2,0,0,"Riyad Mahrez (5, 22, 67)",
16,Leicester,Chelsea,TRUE,Leicester,Chelsea,2,1,32054,5,4,3,3,8,7,2,0,0,0,"Jamie Vardy (34),Riyad Mahrez (48)",Loic Remy (77)
17,Leicester,Everton,FALSE,Everton,Leicester,3,2,39570,5,5,5,5,10,10,1,2,0,0,"Riyad Mahrez (27 Pen, 65 Pen),Shinji Okazaki (69)","Romelu Lukaku (32),Kevin Mirallas (89)"
18,Leicester,Liverpool,FALSE,Liverpool,Leicester,0,1,44123,3,5,3,12,6,17,1,2,0,0,,Christian Benteke (63)
19,Leicester,Man City,TRUE,Leicester,Man City,0,0,32072,4,5,7,9,11,14,1,3,0,0,,
20,Leicester,Bournemouth,TRUE,Leicester,Bournemouth,0,0,32006,2,0,12,4,14,4,1,1,0,1,,
21,Leicester,Spurs,FALSE,Spurs,Leicester,1,0,35850,2,5,3,5,5,10,0,1,0,0,Robert Huth (83),
22,Leicester,Aston Villa,FALSE,Aston Villa,Leicester,1,1,32763,5,5,5,5,10,10,2,3,0,0,Shinji Okazaki (28),Rudy Gestede (75)
23,Leicester,Stoke,TRUE,Leicester,Stoke,3,0,32018,5,2,7,0,12,2,0,1,0,0,"Daniel Drinkwater (42),Jamie Vardy (66),Leonardo Ulloa (87)",
24,Leicester,Liverpool,TRUE,Leicester,Liverpool,2,0,32121,6,1,4,5,10,6,0,1,0,0,"Jamie Vardy (60, 71)",
25,Leicester,Man City,FALSE,Man City,Leicester,3,1,54693,7,4,5,12,12,16,2,2,0,0,"Robert Huth (3, 60),Riyad Mahrez (48)",Sergio Aguero (87)
26,Leicester,Arsenal,FALSE,Arsenal,Leicester,1,2,60009,3,6,4,12,7,18,3,4,1,0,Jamie Vardy (45 Pen),"Theo Walcott (70),Danny Welbeck (90+5)"
27,Leicester,Norwich,TRUE,Leicester,Norwich,1,0,32114,3,1,5,5,8,6,0,2,0,0,Leonardo Ulloa (89),
28,Leicester,West Brom,TRUE,Leicester,West Brom,2,2,32018,4,4,11,6,15,10,0,2,0,0,"Jonas Olsson OG (30),Andy King (45+1)","Saloman Rondan (11),Craig Gardner (50)"
29,Leicester,Watford,FALSE,Watford,Leicester,1,0,20884,7,4,7,4,14,8,2,2,0,0,Riyad Mahrez (56),
30,Leicester,Newcastle,TRUE,Leicester,Newcastle,1,0,31824,1,2,3,5,4,7,0,0,0,0,Shinji Okazaki (25),
31,Leicester,Crystal Palace,FALSE,Crystal Palace,Leicester,1,0,25041,3,4,3,7,6,11,1,1,0,0,Riyad Mahrez (34),
32,Leicester,Southampton,TRUE,Leicester,Southampton,1,0,32071,4,2,2,5,6,7,2,2,0,0,Wes Morgan (38),
33,Leicester,Sunderland,FALSE,Sunderland,Leicester,2,0,46531,7,1,7,8,14,9,1,1,0,0,"Jamie Vardy (66, 90+5)",
34,Leicester,West Ham,TRUE,Leicester,West Ham,2,2,32104,2,4,4,12,6,16,1,3,1,0,"Jamie Vardy (18),Leonardo Ulloa (90+5 Pen)","Andy Carroll (84 Pen),Aaron Cresswell (86)"
35,Leicester,Swansea,TRUE,Leicester,Swansea,4,0,31962,9,1,6,4,15,5,1,2,0,0,"Riyad Mahrez (10),Leonardo Ulloa (30, 60),Marc Albrighton (85)",
36,Leicester,Man Utd,FALSE,Man Utd,Leicester,1,1,75275,3,6,7,7,10,13,0,3,1,0,Wes Morgan (17),Anthony Martial (8)
37,Leicester,Everton,TRUE,Leicester,Everton,3,1,32140,8,5,14,3,22,8,0,3,0,0,"Jamie Vardy (5, 65 Pen),Andy King (33)",Kevin Mirallas (88)
38,Leicester,Chelsea,FALSE,Chelsea,Leicester,1,1,41494,5,4,6,4,11,8,0,0,0,0,Daniel Drinkwater (82),Cesc Fabregas (66 Pen)
1,Liverpool,Stoke,FALSE,Stoke,Liverpool,1,0,27654,3,1,1,4,4,5,4,2,0,0,Philippe Coutinho (86),
2,Liverpool,Bournemouth,TRUE,Liverpool,Bournemouth,1,0,44102,2,2,11,6,13,8,1,4,0,0,Christian Benteke (26),
3,Liverpool,Arsenal,FALSE,Arsenal,Liverpool,0,0,60080,8,5,4,9,12,14,4,1,0,0,,
4,Liverpool,West Ham,TRUE,Liverpool,West Ham,0,3,43680,1,5,7,4,8,9,3,1,1,1,,"Manuel Lanzini (3),Mark Noble (29),Diafra Sakho (90+2)"
5,Liverpool,Man Utd,FALSE,Man Utd,Liverpool,1,3,75347,4,3,4,3,8,6,2,1,0,0,Christian Benteke (84),"Daley Blind (49),Ander Herrera (70 Pen),Anthony Martial (86)"
6,Liverpool,Norwich,TRUE,Liverpool,Norwich,1,1,44072,7,2,7,4,14,6,1,2,0,0,Danny Ings (48),Russell Martin (61)
7,Liverpool,Aston Villa,TRUE,Liverpool,Aston Villa,3,2,44228,12,4,2,5,14,9,0,0,0,0,"James Milner (2),Daniel Sturridge (59, 67)","Rudy Gestede (66, 71)"
8,Liverpool,Everton,FALSE,Everton,Liverpool,1,1,39598,4,4,5,2,9,6,3,3,0,0,Danny Ings (41),Romelu Lukaku (45+1)
9,Liverpool,Spurs,FALSE,Spurs,Liverpool,0,0,35926,3,4,4,4,7,8,2,1,0,0,,
10,Liverpool,Southampton,TRUE,Liverpool,Southampton,1,1,44171,2,3,8,3,10,6,1,0,0,1,Christian Benteke (77),Sadio Mane (86)
11,Liverpool,Chelsea,FALSE,Chelsea,Liverpool,3,1,41577,7,2,5,2,12,4,4,1,0,0,"Philippe Coutinho (45+3, 74),Christian Benteke (83)",Ramires (4)
12,Liverpool,Crystal Palace,TRUE,Liverpool,Crystal Palace,1,2,44115,4,4,9,4,13,8,1,2,0,0,Philippe Coutinho (42),"Yannick Bolasie (21),Scott Dann (82)"
13,Liverpool,Man City,FALSE,Man City,Liverpool,4,1,54444,9,4,2,5,11,9,3,0,0,0,"Eliaquim Mangala OG (7),Philippe Coutinho (23),Roberto Firmino (32),Martin Skrtel (81)",Sergio Aguero (44)
14,Liverpool,Swansea,TRUE,Liverpool,Swansea,1,0,43905,2,0,3,5,5,5,3,1,0,0,James Milner (62 Pen),
15,Liverpool,Newcastle,FALSE,Newcastle,Liverpool,0,2,51273,2,1,7,4,9,5,1,3,0,0,,"Martin Skrtel OG (69),Georginio Wijnaldum (90+3)"
16,Liverpool,West Brom,TRUE,Liverpool,West Brom,2,2,44147,8,2,11,2,19,4,0,0,0,0,"Jordan Henderson (21),Divock Origi (90+6)","Craig Dawson (30),Jonas Olsson (73)"
17,Liverpool,Watford,FALSE,Watford,Liverpool,0,3,20707,4,5,4,0,8,5,0,1,0,0,,"Nathan Ake (3),Odion Ighalo (15, 85)"
18,Liverpool,Leicester,TRUE,Liverpool,Leicester,1,0,44123,5,3,12,3,17,6,2,1,0,0,Christian Benteke (63),
19,Liverpool,Sunderland,FALSE,Sunderland,Liverpool,1,0,45765,6,3,7,3,13,6,3,1,0,0,Christian Benteke (46),
20,Liverpool,West Ham,FALSE,West Ham,Liverpool,0,2,34977,2,10,9,5,11,15,1,1,0,0,,"Michail Antonio (10),Andy Carroll (55)"
21,Liverpool,Arsenal,TRUE,Liverpool,Arsenal,3,3,44109,6,5,6,5,12,10,2,0,0,0,"Roberto Firmino (10, 19),Joe Allen (90)","Aaron Ramsey (14),Olivier Giroud (25, 55)"
22,Liverpool,Man Utd,TRUE,Liverpool,Man Utd,0,1,43865,4,1,10,5,14,6,0,2,0,0,,Wayne Rooney (78)
23,Liverpool,Norwich,FALSE,Norwich,Liverpool,5,4,27108,7,5,2,0,9,5,1,0,0,0,"Roberto Firmino (18, 63),Jordan Henderson (55),James Milner (75),Adam Lallana (90+5)","Dieumerci Mbokani (29),Steven Naismith (41),Wes Hoolahan (54 Pen),Sebastien Bassong (90+2)"
24,Liverpool,Leicester,FALSE,Leicester,Liverpool,0,2,32121,1,6,5,4,6,10,1,0,0,0,,"Jamie Vardy (60, 71)"
25,Liverpool,Sunderland,TRUE,Liverpool,Sunderland,2,2,44179,5,2,7,4,12,6,1,1,0,0,"Roberto Firmino (59),Adam Lallana (70)","Adam Johnson (82),Jermain Defoe (89)"
26,Liverpool,Aston Villa,FALSE,Aston Villa,Liverpool,6,0,35798,9,1,1,4,10,5,1,3,0,0,"Daniel Sturridge (16),James Milner (25),Emre Can (58),Divock Origi (63),Nathaniel Clyne (65),Kolo Toure (71)",
27,Liverpool,Man City,TRUE,Liverpool,Man City,3,0,43597,7,1,3,2,10,3,0,1,0,0,"Adam Lallana (34),James Milner (41),Roberto Firmino (57)",
28,Liverpool,Crystal Palace,FALSE,Crystal Palace,Liverpool,2,1,24709,5,4,6,6,11,10,2,1,1,0,"Roberto Firmino (72),Christian Benteke (90+6 Pen)",Joe Ledley (48)
29,Liverpool,Southampton,FALSE,Southampton,Liverpool,2,3,31596,8,5,3,6,11,11,3,1,0,0,"Philippe Coutinho (17),Daniel Sturridge (22)","Sadio Mane (64, 86),Graziano Pelle (83)"
30,Liverpool,Spurs,TRUE,Liverpool,Spurs,1,1,44062,7,5,2,7,9,12,2,0,0,0,Philippe Coutinho (51),Harry Kane (63)
31,Liverpool,Stoke,TRUE,Liverpool,Stoke,4,1,43688,6,3,4,6,10,9,0,2,0,0,"Alberto Moreno (8),Daniel Sturridge (32),Divock Origi (50, 65)",Bojan (22)
32,Liverpool,Bournemouth,FALSE,Bournemouth,Liverpool,2,1,11386,6,5,9,5,15,10,0,0,0,0,"Roberto Firmino (41),Daniel Sturridge (45+2)",Joshua King (90+3)
33,Liverpool,Everton,TRUE,Liverpool,Everton,4,0,43854,13,0,14,2,27,2,1,1,0,1,"Divock Origi (43),Mamadou Sakho (45+2),Daniel Sturridge (61),Philippe Coutinho (76)",
34,Liverpool,Newcastle,TRUE,Liverpool,Newcastle,2,2,43837,4,3,3,3,7,6,1,1,0,0,"Daniel Sturridge (2),Adam Lallana (30)","Papiss Demba Cisse (48),Jack Colback (66)"
35,Liverpool,Swansea,FALSE,Swansea,Liverpool,1,3,20972,3,9,3,4,6,13,2,2,1,0,Christian Benteke (65),"Andre Ayew (20, 67),Jack Cork (33)"
36,Liverpool,Watford,TRUE,Liverpool,Watford,2,0,43341,5,3,8,8,13,11,1,2,0,0,"Joe Allen (35),Roberto Firmino (76)",
37,Liverpool,Chelsea,TRUE,Liverpool,Chelsea,1,1,43210,9,7,10,3,19,10,3,1,0,0,Christian Benteke (90+2),Eden Hazard (32)
38,Liverpool,West Brom,FALSE,West Brom,Liverpool,1,1,26196,3,1,3,7,6,8,1,3,0,0,Jordon Ibe (23),Saloman Rondan (13)
1,Manchester City,West Brom,FALSE,West Brom,Man City,3,0,24564,7,2,2,6,9,8,1,4,0,0,"David Silva (9),Yaya Toure (24),Vincent Kompany (59)",
2,Manchester City,Chelsea,TRUE,Man City,Chelsea,3,0,54331,8,3,6,4,14,7,4,2,0,0,"Sergio Aguero (31),Vincent Kompany (79),Fernandinho (85)",
3,Manchester City,Everton,FALSE,Everton,Man City,2,0,38523,9,1,3,5,12,6,3,0,0,0,"Aleksandar Kolarov (60),Samir Nasri (88)",
4,Manchester City,Watford,TRUE,Man City,Watford,2,0,53218,5,0,8,2,13,2,1,2,0,0,"Raheem Sterling (47),Fernandinho (56)",
5,Manchester City,Crystal Palace,FALSE,Crystal Palace,Man City,1,0,25167,7,2,9,6,16,8,3,2,0,0,Kelechi Iheanacho (90),
6,Manchester City,West Ham,TRUE,Man City,West Ham,1,2,53545,8,3,9,3,17,6,1,2,0,0,Kevin De Bruyne (45+2),"Victor Moses (6),Diafra Sakho (31)"
7,Manchester City,Spurs,FALSE,Spurs,Man City,1,4,35867,8,8,6,3,14,11,1,5,0,0,Kevin De Bruyne (25),"Eric Dier (45),Toby Alderweireld (50),Harry Kane (61),Erik Lamela (79)"
8,Manchester City,Newcastle,TRUE,Man City,Newcastle,6,1,53850,11,4,8,1,19,5,3,2,0,0,"Sergio Aguero (42, 49, 50, 60, 62),Kevin De Bruyne (53)",Aleksandar Mitrovic (18)
9,Manchester City,Bournemouth,TRUE,Man City,Bournemouth,5,1,54502,11,1,5,3,16,4,2,1,0,0,"Raheem Sterling (7, 29, 45+3),Wilfried Bony (11, 89)",Glenn Murray (22)
10,Manchester City,Man Utd,FALSE,Man Utd,Man City,0,0,75329,1,1,2,2,3,3,2,2,0,0,,
11,Manchester City,Norwich,TRUE,Man City,Norwich,2,1,53418,5,3,10,1,15,4,2,2,0,1,"Nicolás Otamendi (67),Yaya Toure (89 Pen)",Cameron Jerome (83)
12,Manchester City,Aston Villa,FALSE,Aston Villa,Man City,0,0,36757,3,0,5,3,8,3,1,1,0,0,,
13,Manchester City,Liverpool,TRUE,Man City,Liverpool,1,4,54444,4,9,5,2,9,11,0,3,0,0,Sergio Aguero (44),"Eliaquim Mangala OG (7),Philippe Coutinho (23),Roberto Firmino (32),Martin Skrtel (81)"
14,Manchester City,Southampton,TRUE,Man City,Southampton,3,1,54102,9,8,1,2,10,10,2,1,0,0,"Kevin De Bruyne (9),Fabian Delph (20),Aleksandar Kolarov (69)",Shane Long (49)
15,Manchester City,Stoke,FALSE,Stoke,Man City,0,2,27264,4,4,6,3,10,7,1,0,0,0,,"Marko Arnautovic (7, 15)"
16,Manchester City,Swansea,TRUE,Man City,Swansea,2,1,53052,5,7,4,3,9,10,3,1,0,0,"Wilfried Bony (26),Kelechi Iheanacho (90+2)",Bafetimbi Gomis (90)
17,Manchester City,Arsenal,FALSE,Arsenal,Man City,1,2,60053,6,5,8,3,14,8,2,0,0,0,Yaya Toure (82),"Theo Walcott (33),Olivier Giroud (45+1)"
18,Manchester City,Sunderland,TRUE,Man City,Sunderland,4,1,54523,9,3,6,8,15,11,1,1,0,0,"Raheem Sterling (12),Yaya Toure (17),Wilfried Bony (22),Kevin De Bruyne (54)",Fabio Borini (59)
19,Manchester City,Leicester,FALSE,Leicester,Man City,0,0,32072,5,4,9,7,14,11,3,1,0,0,,
20,Manchester City,Watford,FALSE,Watford,Man City,2,1,20676,5,4,7,6,12,10,0,1,0,0,"Yaya Toure (82),Sergio Aguero (84)",Ben Watson (55)
21,Manchester City,Everton,TRUE,Man City,Everton,0,0,53796,5,2,7,3,12,5,0,1,0,0,,
22,Manchester City,Crystal Palace,TRUE,Man City,Crystal Palace,4,0,53983,4,3,6,5,10,8,0,2,0,0,"Fabian Delph (22),Sergio Aguero (41, 68),David Silva (84)",
23,Manchester City,West Ham,FALSE,West Ham,Man City,2,2,34977,3,3,4,5,7,8,3,2,0,0,"Sergio Aguero (9 Pen, 81)","Enner Valencia (1, 56)"
24,Manchester City,Sunderland,FALSE,Sunderland,Man City,1,0,38852,2,3,3,5,5,8,4,1,0,0,Sergio Aguero (16),
25,Manchester City,Leicester,TRUE,Man City,Leicester,1,3,54693,4,7,12,5,16,12,2,2,0,0,Sergio Aguero (87),"Robert Huth (3, 60),Riyad Mahrez (48)"
26,Manchester City,Spurs,TRUE,Man City,Spurs,1,2,54551,4,3,7,2,11,5,1,3,0,0,Kelechi Iheanacho (74),"Harry Kane (53 Pen),Christian Eriksen (83)"
27,Manchester City,Liverpool,FALSE,Liverpool,Man City,0,3,43597,1,7,2,3,3,10,1,0,0,0,,"Adam Lallana (34),James Milner (41),Roberto Firmino (57)"
28,Manchester City,Aston Villa,TRUE,Man City,Aston Villa,4,0,53892,9,1,10,0,19,1,0,1,0,0,"Yaya Toure (48),Sergio Aguero (50, 60),Raheem Sterling (66)",
29,Manchester City,Norwich,FALSE,Norwich,Man City,0,0,26323,3,0,5,4,8,4,1,3,0,0,,
30,Manchester City,Man Utd,TRUE,Man City,Man Utd,0,1,54557,3,4,16,0,19,4,1,1,0,0,,Marcus Rashford (16)
31,Manchester City,Bournemouth,FALSE,Bournemouth,Man City,4,0,11192,7,2,8,5,15,7,1,0,0,0,"Fernando (7),Kevin De Bruyne (12),Sergio Aguero (19),Aleksandar Kolarov (90+3)",
32,Manchester City,West Brom,TRUE,Man City,West Brom,2,1,53920,4,2,4,6,8,8,0,1,0,0,"Sergio Aguero (19 Pen),Samir Nasri (66)",Stephane Sessegnon (6)
33,Manchester City,Chelsea,FALSE,Chelsea,Man City,3,0,41212,8,4,1,3,9,7,3,2,0,1,"Sergio Aguero (33, 54, 80 Pen)",
34,Manchester City,Newcastle,FALSE,Newcastle,Man City,1,1,46424,5,3,3,2,8,5,2,3,0,0,Sergio Aguero (14),Vurnon Anita (31)
35,Manchester City,Stoke,TRUE,Man City,Stoke,4,0,53974,6,2,3,11,9,13,0,0,0,0,"Fernando (35),Sergio Aguero (43 Pen),Kelechi Iheanacho (64, 74)",
36,Manchester City,Southampton,FALSE,Southampton,Man City,2,4,31472,5,7,1,5,6,12,1,2,0,0,"Kelechi Iheanacho (44, 78)","Shane Long (25),Sadio Mane (28, 57, 68)"
37,Manchester City,Arsenal,TRUE,Man City,Arsenal,2,2,54425,3,2,9,2,12,4,2,1,0,0,"Sergio Aguero (8),Kevin De Bruyne (51)","Olivier Giroud (10),Alexis Sanchez (68)"
38,Manchester City,Swansea,FALSE,Swansea,Man City,1,1,20934,5,1,9,2,14,3,3,1,0,0,Kelechi Iheanacho (5),Andre Ayew (45+1)
1,Manchester Utd,Spurs,TRUE,Man Utd,Spurs,1,0,75261,1,5,4,2,5,7,2,3,0,0,Kyle Walker OG (22),
2,Manchester Utd,Aston Villa,FALSE,Aston Villa,Man Utd,1,0,42200,2,1,4,3,6,4,2,2,0,0,Adnan Januzaj (29),
3,Manchester Utd,Newcastle,TRUE,Man Utd,Newcastle,0,0,75354,8,0,3,4,11,4,2,2,0,0,,
4,Manchester Utd,Swansea,FALSE,Swansea,Man Utd,1,2,20828,4,4,6,4,10,8,2,2,0,0,Juan Mata (48),"Andre Ayew (61),Bafetimbi Gomis (66)"
5,Manchester Utd,Liverpool,TRUE,Man Utd,Liverpool,3,1,75347,3,4,3,4,6,8,1,2,0,0,"Daley Blind (49),Ander Herrera (70 Pen),Anthony Martial (86)",Christian Benteke (84)
6,Manchester Utd,Southampton,FALSE,Southampton,Man Utd,3,2,31588,3,8,5,6,8,14,0,2,0,0,"Anthony Martial (34, 50),Juan Mata (68)","Graziano Pelle (13, 86)"
7,Manchester Utd,Sunderland,TRUE,Man Utd,Sunderland,3,0,75328,7,4,1,1,8,5,0,3,0,0,"Memphis Depay (45+4),Wayne Rooney (46),Juan Mata (90)",
8,Manchester Utd,Arsenal,FALSE,Arsenal,Man Utd,0,3,60084,5,5,3,5,8,10,3,1,0,0,,"Alexis Sanchez (6, 19),Mesut Ozil (7)"
9,Manchester Utd,Everton,FALSE,Everton,Man Utd,3,0,39553,7,3,2,6,9,9,2,2,0,0,"Morgan Schneiderlin (18),Ander Herrera (22),Wayne Rooney (62)",
10,Manchester Utd,Man City,TRUE,Man Utd,Man City,0,0,75329,1,1,2,2,3,3,2,2,0,0,,
11,Manchester Utd,Crystal Palace,FALSE,Crystal Palace,Man Utd,0,0,24854,1,5,2,3,3,8,3,3,0,0,,
12,Manchester Utd,West Brom,TRUE,Man Utd,West Brom,2,0,75410,3,0,5,3,8,3,1,3,0,1,"Jesse Lingard (52),Juan Mata (90+1 Pen)",
13,Manchester Utd,Watford,FALSE,Watford,Man Utd,2,1,20702,6,6,5,2,11,8,2,1,0,0,"Memphis Depay (11),Troy Deeney OG (90)",Troy Deeney (87 Pen)
14,Manchester Utd,Leicester,FALSE,Leicester,Man Utd,1,1,32115,2,3,4,2,6,5,1,0,0,0,Bastian Schweinsteiger (45+1),Jamie Vardy (24)
15,Manchester Utd,West Ham,TRUE,Man Utd,West Ham,0,0,75350,1,2,11,5,12,7,1,0,0,0,,
16,Manchester Utd,Bournemouth,FALSE,Bournemouth,Man Utd,1,2,11334,5,5,3,6,8,11,1,2,0,0,Marouane Fellaini (24),"Junior Stanislas (2),Joshua King (54)"
17,Manchester Utd,Norwich,TRUE,Man Utd,Norwich,1,2,75320,2,4,6,2,8,6,0,2,0,0,Anthony Martial (66),"Cameron Jerome (38),Alexander Tettey (54)"
18,Manchester Utd,Stoke,FALSE,Stoke,Man Utd,0,2,27426,6,3,3,8,9,11,2,1,0,0,,"Bojan (19),Marko Arnautovic (26)"
19,Manchester Utd,Chelsea,TRUE,Man Utd,Chelsea,0,0,75275,2,3,5,5,7,8,4,2,0,0,,
20,Manchester Utd,Swansea,TRUE,Man Utd,Swansea,2,1,75415,6,4,5,3,11,7,2,1,0,0,"Anthony Martial (47),Wayne Rooney (77)",Gylfi Sigurdsson (70)
21,Manchester Utd,Newcastle,FALSE,Newcastle,Man Utd,3,3,49673,4,6,5,4,9,10,3,1,0,0,"Wayne Rooney (9 Pen, 79),Jesse Lingard (38)","Georginio Wijnaldum (42),Aleksandar Mitrovic (67 Pen),Paul Dummett (90)"
22,Manchester Utd,Liverpool,FALSE,Liverpool,Man Utd,1,0,43865,1,4,5,10,6,14,2,0,0,0,Wayne Rooney (78),
23,Manchester Utd,Southampton,TRUE,Man Utd,Southampton,0,1,75408,1,2,5,5,6,7,0,0,0,0,,Charlie Austin (87)
24,Manchester Utd,Stoke,TRUE,Man Utd,Stoke,3,0,75234,5,0,5,7,10,7,2,1,0,0,"Jesse Lingard (14),Anthony Martial (23),Wayne Rooney (53)",
25,Manchester Utd,Chelsea,FALSE,Chelsea,Man Utd,1,1,41434,7,5,6,6,13,11,3,0,0,0,Jesse Lingard (61),Diego Costa (90+1)
26,Manchester Utd,Sunderland,FALSE,Sunderland,Man Utd,1,2,41687,7,5,1,10,8,15,3,2,0,0,Anthony Martial (39),"Wahbi Khazri (3),David de Gea OG (82)"
27,Manchester Utd,Arsenal,TRUE,Man Utd,Arsenal,3,2,75329,5,5,1,5,6,10,4,3,0,0,"Marcus Rashford (29, 32),Ander Herrera (65)","Danny Welbeck (40),Mesut Ozil (69)"
28,Manchester Utd,Watford,TRUE,Man Utd,Watford,1,0,75272,3,4,6,6,9,10,1,2,0,0,Juan Mata (83),
29,Manchester Utd,West Brom,FALSE,West Brom,Man Utd,0,1,24878,1,2,2,3,3,5,0,1,1,0,,Saloman Rondan (66)
30,Manchester Utd,Man City,FALSE,Man City,Man Utd,1,0,54557,4,3,0,16,4,19,1,1,0,0,Marcus Rashford (16),
31,Manchester Utd,Everton,TRUE,Man Utd,Everton,1,0,75341,2,1,3,1,5,2,2,0,0,0,Anthony Martial (54),
32,Manchester Utd,Spurs,FALSE,Spurs,Man Utd,0,3,35761,1,8,1,7,2,15,3,3,0,0,,"Dele Alli (70),Toby Alderweireld (74),Erik Lamela (76)"
33,Manchester Utd,Aston Villa,TRUE,Man Utd,Aston Villa,1,0,75411,4,1,7,4,11,5,0,1,0,0,Marcus Rashford (32),
34,Manchester Utd,Crystal Palace,TRUE,Man Utd,Crystal Palace,2,0,75277,10,1,3,1,13,2,1,2,0,0,"Damien Delaney OG (4),Matteo Darmian (55)",
35,Manchester Utd,Leicester,TRUE,Man Utd,Leicester,1,1,75275,6,3,7,7,13,10,3,0,0,1,Anthony Martial (8),Wes Morgan (17)
36,Manchester Utd,Norwich,FALSE,Norwich,Man Utd,1,0,27132,2,2,6,3,8,5,0,1,0,0,Juan Mata (72),
37,Manchester Utd,West Ham,FALSE,West Ham,Man Utd,2,3,34602,2,6,1,12,3,18,3,1,0,0,"Anthony Martial (51, 72)","Diafra Sakho (10),Michail Antonio (76),Winston Reid (80)"
38,Manchester Utd,Bournemouth,TRUE,Man Utd,Bournemouth,3,1,74363,6,0,3,3,9,3,1,0,0,0,"Wayne Rooney (43),Marcus Rashford (74),Ashley Young (87)",Chris Smalling OG (90+3)
1,Newcastle Utd,Southampton,TRUE,Newcastle,Southampton,2,2,49019,4,4,3,7,7,11,2,4,0,0,"Papiss Demba Cisse (42),Georginio Wijnaldum (48)","Graziano Pelle (24),Shane Long (79)"
2,Newcastle Utd,Swansea,FALSE,Swansea,Newcastle,0,2,20678,2,6,2,6,4,12,1,2,1,0,,"Bafetimbi Gomis (9),Andre Ayew (52)"
3,Newcastle Utd,Man Utd,FALSE,Man Utd,Newcastle,0,0,75354,0,8,4,3,4,11,2,2,0,0,,
4,Newcastle Utd,Arsenal,TRUE,Newcastle,Arsenal,0,1,50388,1,9,1,6,2,15,6,1,1,0,,Fabricio Coloccini OG (52)
5,Newcastle Utd,West Ham,FALSE,West Ham,Newcastle,0,2,34907,4,3,5,8,9,11,2,0,0,0,,"Dimitri Payet (9, 48)"
6,Newcastle Utd,Watford,TRUE,Newcastle,Watford,1,2,47806,5,4,7,6,12,10,1,2,0,0,Daryl Janmaat (62),"Odion Ighalo (10, 28)"
7,Newcastle Utd,Chelsea,TRUE,Newcastle,Chelsea,2,2,48682,5,4,3,8,8,12,1,2,0,0,"Ayoze Perez (42),Georginio Wijnaldum (60)","Ramires (79),Willian (86)"
8,Newcastle Utd,Man City,FALSE,Man City,Newcastle,1,6,53850,4,11,1,8,5,19,2,3,0,0,Aleksandar Mitrovic (18),"Sergio Aguero (42, 49, 50, 60, 62),Kevin De Bruyne (53)"
9,Newcastle Utd,Norwich,TRUE,Newcastle,Norwich,6,2,47006,6,6,2,6,8,12,1,1,0,0,"Georginio Wijnaldum (14, 26, 66, 85),Ayoze Perez (33),Aleksandar Mitrovic (64)","Dieumerci Mbokani (20),Nathan Redmond (34)"
10,Newcastle Utd,Sunderland,FALSE,Sunderland,Newcastle,0,3,47653,8,3,8,1,16,4,2,0,1,0,,"Adam Johnson (45+3 Pen),Billy Jones (65),Steven Fletcher (86)"
11,Newcastle Utd,Stoke,TRUE,Newcastle,Stoke,0,0,47139,6,2,5,6,11,8,1,3,0,0,,
12,Newcastle Utd,Bournemouth,FALSE,Bournemouth,Newcastle,1,0,11155,1,5,1,8,2,13,2,2,0,0,Ayoze Perez (27),
13,Newcastle Utd,Leicester,TRUE,Newcastle,Leicester,0,3,50151,1,7,4,5,5,12,4,1,0,0,,"Jamie Vardy (45+1),Leonardo Ulloa (62),Shinji Okazaki (83)"
14,Newcastle Utd,Crystal Palace,FALSE,Crystal Palace,Newcastle,1,5,24833,2,8,1,6,3,14,1,1,0,0,Papiss Demba Cisse (10),"James McArthur (14, 90+3),Yannick Bolasie (17, 47),Wilfried Zaha (41)"
15,Newcastle Utd,Liverpool,TRUE,Newcastle,Liverpool,2,0,51273,1,2,4,7,5,9,3,1,0,0,"Martin Skrtel OG (69),Georginio Wijnaldum (90+3)",
16,Newcastle Utd,Spurs,FALSE,Spurs,Newcastle,2,1,35768,4,8,2,7,6,15,2,2,0,0,"Aleksandar Mitrovic (74),Ayoze Perez (90+3)",Eric Dier (39)
17,Newcastle Utd,Aston Villa,TRUE,Newcastle,Aston Villa,1,1,48234,4,7,4,3,8,10,1,3,0,0,Fabricio Coloccini (38),Jordan Ayew (61)
18,Newcastle Utd,Everton,TRUE,Newcastle,Everton,0,1,51682,1,7,6,5,7,12,2,2,0,0,,Tom Cleverley (90+3)
19,Newcastle Utd,West Brom,FALSE,West Brom,Newcastle,0,1,26313,2,5,3,5,5,10,0,0,0,0,,Darren Fletcher (78)
20,Newcastle Utd,Arsenal,FALSE,Arsenal,Newcastle,0,1,59257,6,3,5,10,11,13,2,2,0,0,,Laurent Koscielny (72)
21,Newcastle Utd,Man Utd,TRUE,Newcastle,Man Utd,3,3,49673,6,4,4,5,10,9,1,3,0,0,"Georginio Wijnaldum (42),Aleksandar Mitrovic (67 Pen),Paul Dummett (90)","Wayne Rooney (9 Pen, 79),Jesse Lingard (38)"
22,Newcastle Utd,West Ham,TRUE,Newcastle,West Ham,2,1,50031,10,3,8,5,18,8,1,0,0,0,"Ayoze Perez (6),Georginio Wijnaldum (15)",Nikica Jelavic (49)
23,Newcastle Utd,Watford,FALSE,Watford,Newcastle,1,2,20611,2,5,8,7,10,12,1,2,0,0,Jamaal Lascelles (71),"Odion Ighalo (46),Craig Cathcart (58)"
24,Newcastle Utd,Everton,FALSE,Everton,Newcastle,0,3,36061,3,7,2,8,5,15,1,1,1,0,,"Aaron Lennon (23),Ross Barkley (88 Pen, 90+4 Pen)"
25,Newcastle Utd,West Brom,TRUE,Newcastle,West Brom,1,0,50152,7,0,5,3,12,3,0,3,0,0,Aleksandar Mitrovic (32),
26,Newcastle Utd,Chelsea,FALSE,Chelsea,Newcastle,1,5,41622,3,7,2,4,5,11,2,0,0,0,Andros Townsend (90),"Diego Costa (5),Pedro (9, 59),Willian (17),Bertrand Traore (83)"
27,Newcastle Utd,Stoke,FALSE,Stoke,Newcastle,0,1,27331,3,2,1,5,4,7,0,1,0,0,,Xherdan Shaqiri (80)
28,Newcastle Utd,Bournemouth,TRUE,Newcastle,Bournemouth,1,3,52107,4,5,5,4,9,9,1,3,0,0,Ayoze Perez (80),"Steven Taylor OG (28),Joshua King (70),Charlie Daniels (90+2)"
29,Newcastle Utd,Leicester,FALSE,Leicester,Newcastle,0,1,31824,2,1,5,3,7,4,0,0,0,0,,Shinji Okazaki (25)
30,Newcastle Utd,Sunderland,TRUE,Newcastle,Sunderland,1,1,52311,8,4,7,7,15,11,4,1,0,0,Aleksandar Mitrovic (83),Jermain Defoe (44)
31,Newcastle Utd,Norwich,FALSE,Norwich,Newcastle,2,3,27137,5,6,7,5,12,11,0,0,0,0,"Aleksandar Mitrovic (71, 86 Pen)","Timm Klose (45+2),Dieumerci Mbokani (74),Martin Olsson (90+3)"
32,Newcastle Utd,Southampton,FALSE,Southampton,Newcastle,1,3,31542,3,6,1,9,4,15,0,0,0,0,Andros Townsend (65),"Shane Long (4),Graziano Pelle (38),Victor Wanyama (55)"
33,Newcastle Utd,Swansea,TRUE,Newcastle,Swansea,3,0,48949,7,1,4,7,11,8,2,1,0,0,"Jamaal Lascelles (40),Moussa Sissoko (82),Andros Townsend (89)",
34,Newcastle Utd,Man City,TRUE,Newcastle,Man City,1,1,46424,3,5,2,3,5,8,3,2,0,0,Vurnon Anita (31),Sergio Aguero (14)
35,Newcastle Utd,Liverpool,FALSE,Liverpool,Newcastle,2,2,43837,3,4,3,3,6,7,1,1,0,0,"Papiss Demba Cisse (48),Jack Colback (66)","Daniel Sturridge (2),Adam Lallana (30)"
36,Newcastle Utd,Crystal Palace,TRUE,Newcastle,Crystal Palace,1,0,52107,4,3,3,5,7,8,2,0,0,0,Andros Townsend (58),
37,Newcastle Utd,Aston Villa,FALSE,Aston Villa,Newcastle,0,0,33055,3,0,5,2,8,2,1,1,0,0,,
38,Newcastle Utd,Spurs,TRUE,Newcastle,Spurs,5,1,52183,10,5,3,7,13,12,1,2,1,0,"Georginio Wijnaldum (19, 73 Pen),Aleksandar Mitrovic (39),Rolando Aarons (85),Daryl Janmaat (86)",Erik Lamela (60)
1,Norwich City,Crystal Palace,TRUE,Norwich,Crystal Palace,1,3,27036,6,7,9,2,15,9,1,0,0,0,Nathan Redmond (69),"Wilfried Zaha (39),Damien Delaney (49),Yohan Cabaye (90+4)"
2,Norwich City,Sunderland,FALSE,Sunderland,Norwich,3,1,41379,6,2,4,3,10,5,2,1,0,0,"Russell Martin (26),Steven Whittaker (37),Nathan Redmond (57)",Duncan Watmore (88)
3,Norwich City,Stoke,TRUE,Norwich,Stoke,1,1,26771,7,1,8,4,15,5,4,1,0,0,Russell Martin (28),Mame Biram Diouf (11)
4,Norwich City,Southampton,FALSE,Southampton,Norwich,0,3,29573,1,8,3,13,4,21,0,0,1,0,,"Graziano Pelle (45+1),Dusan Tadic (64, 67)"
5,Norwich City,Bournemouth,TRUE,Norwich,Bournemouth,3,1,27018,4,2,8,3,12,5,2,3,0,0,"Cameron Jerome (35),Wes Hoolahan (52),Matthew Jarvis (67)",Steve Cook (81)
6,Norwich City,Liverpool,FALSE,Liverpool,Norwich,1,1,44072,2,7,4,7,6,14,2,1,0,0,Russell Martin (61),Danny Ings (48)
7,Norwich City,West Ham,FALSE,West Ham,Norwich,2,2,34857,7,7,5,8,12,15,0,0,0,0,"Robbie Brady (9),Nathan Redmond (83)","Diafra Sakho (33),Cheikhou Kouyate (90+3)"
8,Norwich City,Leicester,TRUE,Norwich,Leicester,1,2,27067,2,5,9,8,11,13,0,1,0,0,Dieumerci Mbokani (68),"Jamie Vardy (28 Pen),Jeffrey Schlupp (47)"
9,Norwich City,Newcastle,FALSE,Newcastle,Norwich,2,6,47006,6,6,6,2,12,8,1,1,0,0,"Dieumerci Mbokani (20),Nathan Redmond (34)","Georginio Wijnaldum (14, 26, 66, 85),Ayoze Perez (33),Aleksandar Mitrovic (64)"
10,Norwich City,West Brom,TRUE,Norwich,West Brom,0,1,26983,3,4,9,3,12,7,1,2,0,0,,Saloman Rondan (46)
11,Norwich City,Man City,FALSE,Man City,Norwich,1,2,53418,3,5,1,10,4,15,2,2,1,0,Cameron Jerome (83),"Nicolás Otamendi (67),Yaya Toure (89 Pen)"
12,Norwich City,Swansea,TRUE,Norwich,Swansea,1,0,27029,5,0,4,7,9,7,1,0,0,0,Jonny Howson (70),
13,Norwich City,Chelsea,FALSE,Chelsea,Norwich,0,1,41582,2,7,1,9,3,16,4,1,0,0,,Diego Costa (64)
14,Norwich City,Arsenal,TRUE,Norwich,Arsenal,1,1,27091,2,3,4,5,6,8,1,1,0,0,Lewis Grabban (43),Mesut Ozil (30)
15,Norwich City,Watford,FALSE,Watford,Norwich,0,2,20422,1,7,4,4,5,11,3,3,0,0,,"Troy Deeney (30 Pen),Odion Ighalo (90+1)"
16,Norwich City,Everton,TRUE,Norwich,Everton,1,1,27027,2,3,5,10,7,13,1,0,0,0,Wes Hoolahan (47),Romelu Lukaku (15)
17,Norwich City,Man Utd,FALSE,Man Utd,Norwich,2,1,75320,4,2,2,6,6,8,2,0,0,0,"Cameron Jerome (38),Alexander Tettey (54)",Anthony Martial (66)
18,Norwich City,Spurs,FALSE,Spurs,Norwich,0,3,35198,3,10,7,3,10,13,2,1,0,0,,"Harry Kane (26 Pen, 42),Tom Carroll (80)"
19,Norwich City,Aston Villa,TRUE,Norwich,Aston Villa,2,0,27071,4,3,4,2,8,5,2,5,0,0,"Jonny Howson (24),Dieumerci Mbokani (87)",
20,Norwich City,Southampton,TRUE,Norwich,Southampton,1,0,27022,1,4,7,5,8,9,1,0,0,1,Alexander Tettey (76),
21,Norwich City,Stoke,FALSE,Stoke,Norwich,1,3,27274,3,4,3,7,6,11,1,0,1,0,Jonny Howson (55),"Jonathan Walters (49),Joselu (67),Ryan Bennett OG (78)"
22,Norwich City,Bournemouth,FALSE,Bournemouth,Norwich,0,3,11065,3,7,3,6,6,13,1,1,0,0,,"Dan Gosling (10),Charlie Daniels (54 Pen),Benik Afobe (75)"
23,Norwich City,Liverpool,TRUE,Norwich,Liverpool,4,5,27108,5,7,0,2,5,9,0,1,0,0,"Dieumerci Mbokani (29),Steven Naismith (41),Wes Hoolahan (54 Pen),Sebastien Bassong (90+2)","Roberto Firmino (18, 63),Jordan Henderson (55),James Milner (75),Adam Lallana (90+5)"
24,Norwich City,Spurs,TRUE,Norwich,Spurs,0,3,27067,3,6,6,9,9,15,2,2,0,0,,"Dele Alli (2),Harry Kane (30 Pen, 90)"
25,Norwich City,Aston Villa,FALSE,Aston Villa,Norwich,0,2,32472,6,2,5,5,11,7,2,0,0,0,,"Timm Klose OG (45),Gabriel Agbonlahor (51)"
26,Norwich City,West Ham,TRUE,Norwich,West Ham,2,2,27101,3,6,7,5,10,11,2,2,0,0,"Robbie Brady (54),Wes Hoolahan (65)","Dimitri Payet (74),Mark Noble (76)"
27,Norwich City,Leicester,FALSE,Leicester,Norwich,0,1,32114,1,3,5,5,6,8,2,0,0,0,,Leonardo Ulloa (89)
28,Norwich City,Chelsea,TRUE,Norwich,Chelsea,1,2,27091,2,2,7,4,9,6,3,2,0,0,Nathan Redmond (68),"Kenedy (1),Diego Costa (45+1)"
29,Norwich City,Swansea,FALSE,Swansea,Norwich,0,1,20929,3,3,3,5,6,8,5,2,0,0,,Gylfi Sigurdsson (61)
30,Norwich City,Man City,TRUE,Norwich,Man City,0,0,26323,0,3,4,5,4,8,3,1,0,0,,
31,Norwich City,West Brom,FALSE,West Brom,Norwich,1,0,25039,1,0,4,6,5,6,2,1,0,0,Robbie Brady (50),
32,Norwich City,Newcastle,TRUE,Norwich,Newcastle,3,2,27137,6,5,5,7,11,12,0,0,0,0,"Timm Klose (45+2),Dieumerci Mbokani (74),Martin Olsson (90+3)","Aleksandar Mitrovic (71, 86 Pen)"
33,Norwich City,Crystal Palace,FALSE,Crystal Palace,Norwich,0,1,24960,4,7,6,5,10,12,1,2,0,0,,Jason Puncheon (68)
34,Norwich City,Sunderland,TRUE,Norwich,Sunderland,0,3,27117,7,3,6,5,13,8,2,2,0,0,,"Fabio Borini (41 Pen),Jermain Defoe (53),Duncan Watmore (90+1)"
35,Norwich City,Arsenal,FALSE,Arsenal,Norwich,0,1,59989,3,3,6,6,9,9,0,1,0,0,,Danny Welbeck (59)
36,Norwich City,Man Utd,TRUE,Norwich,Man Utd,0,1,27132,2,2,3,6,5,8,1,0,0,0,,Juan Mata (72)
37,Norwich City,Watford,TRUE,Norwich,Watford,4,2,26279,6,8,6,2,12,10,2,3,0,0,"Nathan Redmond (15),Dieumerci Mbokani (18, 57),Craig Cathcart OG(37)","Troy Deeney (11),Odion Ighalo (51)"
38,Norwich City,Everton,FALSE,Everton,Norwich,0,3,36691,2,8,7,4,9,12,0,0,0,0,,"James McCarthy (19),Leighton Baines (44 Pen),Kevin Mirallas (48)"
1,Southampton,Newcastle,FALSE,Newcastle,Southampton,2,2,49019,4,4,7,3,11,7,4,2,0,0,"Graziano Pelle (24),Shane Long (79)","Papiss Demba Cisse (42),Georginio Wijnaldum (48)"
2,Southampton,Everton,TRUE,Southampton,Everton,0,3,30966,4,4,9,2,13,6,4,2,0,0,,"Romelu Lukaku (22, 45),Ross Barkley (84)"
3,Southampton,Watford,FALSE,Watford,Southampton,0,0,20166,5,0,9,6,14,6,2,0,0,0,,
4,Southampton,Norwich,TRUE,Southampton,Norwich,3,0,29573,8,1,13,3,21,4,0,0,0,1,"Graziano Pelle (45+1),Dusan Tadic (64, 67)",
5,Southampton,West Brom,FALSE,West Brom,Southampton,0,0,24265,4,1,6,4,10,5,0,1,0,0,,
6,Southampton,Man Utd,TRUE,Southampton,Man Utd,2,3,31588,8,3,6,5,14,8,2,0,0,0,"Graziano Pelle (13, 86)","Anthony Martial (34, 50),Juan Mata (68)"
7,Southampton,Swansea,TRUE,Southampton,Swansea,3,1,30704,6,5,8,4,14,9,3,1,0,0,"Virgil van Dijk (11),Ki Sung-yueng OG (54),Sadio Mane (61)",Gylfi Sigurdsson (83 Pen)
8,Southampton,Chelsea,FALSE,Chelsea,Southampton,3,1,41642,5,3,4,4,9,7,5,2,0,0,"Steven Davis (43),Sadio Mane (60),Graziano Pelle (72)",Willian (10)
9,Southampton,Leicester,TRUE,Southampton,Leicester,2,2,30966,6,7,5,12,11,19,2,0,0,0,"Jose Fonte (21),Virgil van Dijk (37)","Jamie Vardy (66, 90+1)"
10,Southampton,Liverpool,FALSE,Liverpool,Southampton,1,1,44171,3,2,3,8,6,10,0,1,1,0,Sadio Mane (86),Christian Benteke (77)
11,Southampton,Bournemouth,TRUE,Southampton,Bournemouth,2,0,31229,2,2,4,9,6,11,0,2,1,0,"Steven Davis (31),Graziano Pelle (36)",
12,Southampton,Sunderland,FALSE,Sunderland,Southampton,1,0,41781,5,3,5,5,10,8,3,1,0,0,Dusan Tadic (69 Pen),
13,Southampton,Stoke,TRUE,Southampton,Stoke,0,1,30039,1,4,13,11,14,15,2,0,0,0,,Bojan (10)
14,Southampton,Man City,FALSE,Man City,Southampton,1,3,54102,8,9,2,1,10,10,1,2,0,0,Shane Long (49),"Kevin De Bruyne (9),Fabian Delph (20),Aleksandar Kolarov (69)"
15,Southampton,Aston Villa,TRUE,Southampton,Aston Villa,1,1,29645,5,2,12,4,17,6,1,2,0,0,Oriol Romeu (73),Joleon Lescott (44)
16,Southampton,Crystal Palace,FALSE,Crystal Palace,Southampton,0,1,24914,3,5,8,3,11,8,0,0,0,0,,Yohan Cabaye (38)
17,Southampton,Spurs,TRUE,Southampton,Spurs,0,2,31636,4,5,2,4,6,9,1,1,0,0,,"Harry Kane (40),Dele Alli (43)"
18,Southampton,Arsenal,TRUE,Southampton,Arsenal,4,0,31669,5,5,5,3,10,8,1,0,0,0,"Cuco Martina (19),Shane Long (55, 90+2),Jose Fonte (69)",
19,Southampton,West Ham,FALSE,West Ham,Southampton,1,2,34977,3,6,8,7,11,13,3,1,0,0,Carl Jenkinson OG (13),"Michail Antonio (69),Andy Carroll (79)"
20,Southampton,Norwich,FALSE,Norwich,Southampton,0,1,27022,4,1,5,7,9,8,0,1,1,0,,Alexander Tettey (76)
21,Southampton,Watford,TRUE,Southampton,Watford,2,0,28399,7,1,7,0,14,1,1,2,0,0,"Shane Long (17),Dusan Tadic (73)",
22,Southampton,West Brom,TRUE,Southampton,West Brom,3,0,29622,5,0,2,7,7,7,0,0,0,0,"James Ward-Prowse (5, 35 Pen),Dusan Tadic (72)",
23,Southampton,Man Utd,FALSE,Man Utd,Southampton,1,0,75408,2,1,5,5,7,6,0,0,0,0,Charlie Austin (87),
24,Southampton,Arsenal,FALSE,Arsenal,Southampton,0,0,60044,3,11,4,6,7,17,1,2,0,0,,
25,Southampton,West Ham,TRUE,Southampton,West Ham,1,0,29161,2,2,3,6,5,8,1,2,1,0,Maya Yoshida (9),
26,Southampton,Swansea,FALSE,Swansea,Southampton,1,0,20890,5,2,4,8,9,10,3,0,0,0,Shane Long (69),
27,Southampton,Chelsea,TRUE,Southampton,Chelsea,1,2,31688,2,4,3,9,5,13,3,1,0,0,Shane Long (42),"Cesc Fabregas (75),Branislav Ivanovic (89)"
28,Southampton,Bournemouth,FALSE,Bournemouth,Southampton,0,2,11033,1,4,3,2,4,6,0,0,0,0,,"Steve Cook (31),Benik Afobe (79)"
29,Southampton,Sunderland,TRUE,Southampton,Sunderland,1,1,31458,5,3,4,4,9,7,2,1,1,0,Virgil van Dijk (90+3),Jermain Defoe (85)
30,Southampton,Stoke,FALSE,Stoke,Southampton,2,1,27833,4,2,5,7,9,9,2,1,1,0,"Graziano Pelle (11, 30)",Marko Arnautovic (52)
31,Southampton,Liverpool,TRUE,Southampton,Liverpool,3,2,31596,5,8,6,3,11,11,1,3,0,0,"Sadio Mane (64, 86),Graziano Pelle (83)","Philippe Coutinho (17),Daniel Sturridge (22)"
32,Southampton,Leicester,FALSE,Leicester,Southampton,0,1,32071,2,4,5,2,7,6,2,2,0,0,,Wes Morgan (38)
33,Southampton,Newcastle,TRUE,Southampton,Newcastle,3,1,31542,6,3,9,1,15,4,0,0,0,0,"Shane Long (4),Graziano Pelle (38),Victor Wanyama (55)",Andros Townsend (65)
34,Southampton,Everton,FALSE,Everton,Southampton,1,1,36761,4,2,9,2,13,4,1,1,0,0,Sadio Mane (76),Ramiro Funes Mori (68)
35,Southampton,Aston Villa,FALSE,Aston Villa,Southampton,4,2,29729,7,7,6,7,13,14,0,2,0,0,"Shane Long (15),Dusan Tadic (39, 71),Sadio Mane (90+4)","Ashley Westwood (45+1, 85)"
36,Southampton,Man City,TRUE,Southampton,Man City,4,2,31472,7,5,5,1,12,6,2,1,0,0,"Shane Long (25),Sadio Mane (28, 57, 68)","Kelechi Iheanacho (44, 78)"
37,Southampton,Spurs,FALSE,Spurs,Southampton,2,1,35748,2,6,5,9,7,15,3,0,0,0,"Steven Davis (31, 72)",Son Heung-Min (16)
38,Southampton,Crystal Palace,TRUE,Southampton,Crystal Palace,4,1,31313,5,4,12,4,17,8,1,2,0,0,"Sadio Mane (43),Graziano Pelle (61),Ryan Bertrand (75 Pen),Steven Davis (87)",Jason Puncheon (64)
1,Stoke City,Liverpool,TRUE,Stoke,Liverpool,0,1,27654,1,3,4,1,5,4,2,4,0,0,,Philippe Coutinho (86)
2,Stoke City,Spurs,FALSE,Spurs,Stoke,2,2,36004,7,7,6,2,13,9,2,2,0,0,"Marko Arnautovic (78 Pen),Mame Biram Diouf (83)","Eric Dier (19),Nacer Chadli (45+2)"
3,Stoke City,Norwich,FALSE,Norwich,Stoke,1,1,26771,1,7,4,8,5,15,1,4,0,0,Mame Biram Diouf (11),Russell Martin (28)
4,Stoke City,West Brom,TRUE,Stoke,West Brom,0,1,26747,5,5,5,6,10,11,1,4,2,0,,Saloman Rondan (45+3)
5,Stoke City,Arsenal,FALSE,Arsenal,Stoke,0,2,59963,3,12,2,9,5,21,1,1,0,0,,"Theo Walcott (31),Olivier Giroud (85)"
6,Stoke City,Leicester,TRUE,Stoke,Leicester,2,2,27642,4,5,5,6,9,11,1,4,0,0,"Bojan (13),Jonathan Walters (20)","Riyad Mahrez (51 Pen),Jamie Vardy (69)"
7,Stoke City,Bournemouth,TRUE,Stoke,Bournemouth,2,1,27742,5,6,2,2,7,8,1,0,0,0,"Jonathan Walters (32),Mame Biram Diouf (83)",Dan Gosling (76)
8,Stoke City,Aston Villa,FALSE,Aston Villa,Stoke,1,0,33189,5,2,4,4,9,6,0,1,0,0,Marko Arnautovic (55),
9,Stoke City,Swansea,FALSE,Swansea,Stoke,1,0,20044,2,2,6,10,8,12,2,2,0,0,Bojan (4 Pen),
10,Stoke City,Watford,TRUE,Stoke,Watford,0,2,27587,0,3,8,5,8,8,3,1,0,0,,"Troy Deeney (43),Almen Abdi (69)"
11,Stoke City,Newcastle,FALSE,Newcastle,Stoke,0,0,47139,2,6,6,5,8,11,3,1,0,0,,
12,Stoke City,Chelsea,TRUE,Stoke,Chelsea,1,0,27550,2,4,5,8,7,12,3,1,0,0,Marko Arnautovic (53),
13,Stoke City,Southampton,FALSE,Southampton,Stoke,1,0,30039,4,1,11,13,15,14,0,2,0,0,Bojan (10),
14,Stoke City,Sunderland,FALSE,Sunderland,Stoke,0,2,41516,3,5,3,7,6,12,2,0,1,0,,"Patrick van Aanholt (82),Duncan Watmore (84)"
15,Stoke City,Man City,TRUE,Stoke,Man City,2,0,27264,4,4,3,6,7,10,0,1,0,0,"Marko Arnautovic (7, 15)",
16,Stoke City,West Ham,FALSE,West Ham,Stoke,0,0,34857,3,10,4,6,7,16,2,1,0,0,,
17,Stoke City,Crystal Palace,TRUE,Stoke,Crystal Palace,1,2,27500,5,3,10,7,15,10,2,0,0,0,Bojan (76 Pen),"Connor Wickham (45+1 Pen),Lee Chung-yong (88)"
18,Stoke City,Man Utd,TRUE,Stoke,Man Utd,2,0,27426,3,6,8,3,11,9,1,2,0,0,"Bojan (19),Marko Arnautovic (26)",
19,Stoke City,Everton,FALSE,Everton,Stoke,4,3,39340,5,3,1,6,6,9,1,2,0,0,"Xherdan Shaqiri (16, 45),Joselu (80),Marko Arnautovic (90+1 Pen)","Romelu Lukaku (22, 64),Gerard Deulofeu (71)"
20,Stoke City,West Brom,FALSE,West Brom,Stoke,1,2,23218,3,5,2,6,5,11,1,1,1,0,Jonathan Walters (81),"Stephane Sessegnon (60),Jonny Evans (90+2)"
21,Stoke City,Norwich,TRUE,Stoke,Norwich,3,1,27274,4,3,7,3,11,6,0,1,0,1,"Jonathan Walters (49),Joselu (67),Ryan Bennett OG (78)",Jonny Howson (55)
22,Stoke City,Arsenal,TRUE,Stoke,Arsenal,0,0,27683,6,3,3,1,9,4,0,0,0,0,,
23,Stoke City,Leicester,FALSE,Leicester,Stoke,0,3,32018,2,5,0,7,2,12,1,0,0,0,,"Daniel Drinkwater (42),Jamie Vardy (66),Leonardo Ulloa (87)"
24,Stoke City,Man Utd,FALSE,Man Utd,Stoke,0,3,75234,0,5,7,5,7,10,1,2,0,0,,"Jesse Lingard (14),Anthony Martial (23),Wayne Rooney (53)"
25,Stoke City,Everton,TRUE,Stoke,Everton,0,3,27733,3,6,5,3,8,9,1,0,1,0,,"Romelu Lukaku (11 Pen),Seamus Coleman (28),Aaron Lennon (42)"
26,Stoke City,Bournemouth,FALSE,Bournemouth,Stoke,3,1,10863,6,2,4,4,10,6,2,4,0,0,"Giannelli Imbula (9),Ibrahim Afellay (52),Joselu (55)",Matt Ritchie (57)
27,Stoke City,Aston Villa,TRUE,Stoke,Aston Villa,2,1,27703,3,1,6,4,9,5,0,3,0,0,"Marko Arnautovic (51 Pen, 56)",Leandro Bacuna (79)
28,Stoke City,Newcastle,TRUE,Stoke,Newcastle,1,0,27331,2,3,5,1,7,4,1,0,0,0,Xherdan Shaqiri (80),
29,Stoke City,Chelsea,FALSE,Chelsea,Stoke,1,1,41381,5,7,8,8,13,15,2,1,0,0,Mame Biram Diouf (85),Bertrand Traore (39)
30,Stoke City,Southampton,TRUE,Stoke,Southampton,1,2,27833,2,4,7,5,9,9,1,2,0,1,Marko Arnautovic (52),"Graziano Pelle (11, 30)"
31,Stoke City,Watford,FALSE,Watford,Stoke,2,1,20759,6,4,2,4,8,8,1,3,0,0,"Jonathan Walters (18),Joselu (51)",Troy Deeney (86)
32,Stoke City,Swansea,TRUE,Stoke,Swansea,2,2,27649,5,3,5,5,10,8,0,1,0,0,"Ibrahim Afellay (13),Bojan (53)","Gylfi Sigurdsson (68),Alberto Paloschi (79)"
33,Stoke City,Liverpool,FALSE,Liverpool,Stoke,1,4,43688,3,6,6,4,9,10,2,0,0,0,Bojan (22),"Alberto Moreno (8),Daniel Sturridge (32),Divock Origi (50, 65)"
34,Stoke City,Spurs,TRUE,Stoke,Spurs,0,4,27442,2,6,6,13,8,19,2,0,0,0,,"Harry Kane (9, 71),Dele Alli (67, 82)"
35,Stoke City,Man City,FALSE,Man City,Stoke,0,4,53974,2,6,11,3,13,9,0,0,0,0,,"Fernando (35),Sergio Aguero (43 Pen),Kelechi Iheanacho (64, 74)"
36,Stoke City,Sunderland,TRUE,Stoke,Sunderland,1,1,27667,3,5,6,5,9,10,2,2,0,0,Marko Arnautovic (50),Jermain Defoe (90+4 Pen)
37,Stoke City,Crystal Palace,FALSE,Crystal Palace,Stoke,1,2,23990,3,4,7,6,10,10,3,2,0,0,Charlie Adam (26),"Dwight Gayle (47, 68)"
38,Stoke City,West Ham,TRUE,Stoke,West Ham,2,1,27721,4,7,2,6,6,13,3,1,0,0,"Giannelli Imbula (55),Mame Biram Diouf (88)",Michail Antonio (23)
1,Sunderland,Leicester,FALSE,Leicester,Sunderland,2,4,32242,5,8,4,7,9,15,4,2,0,0,"Jermain Defoe (60),Steven Fletcher (71)","Jamie Vardy (11),Riyad Mahrez (18, 25 Pen),Marc Albrighton (66)"
2,Sunderland,Norwich,TRUE,Sunderland,Norwich,1,3,41379,2,6,3,4,5,10,1,2,0,0,Duncan Watmore (88),"Russell Martin (26),Steven Whittaker (37),Nathan Redmond (57)"
3,Sunderland,Swansea,TRUE,Sunderland,Swansea,1,1,39198,2,9,5,6,7,15,4,2,0,0,Jermain Defoe (62),Bafetimbi Gomis (45+3)
4,Sunderland,Aston Villa,FALSE,Aston Villa,Sunderland,2,2,35399,3,6,3,11,6,17,1,2,0,0,"Yann M'Vila (8),Jeremain Lens (52)","Scott Sinclair (11 Pen, 41)"
5,Sunderland,Spurs,TRUE,Sunderland,Spurs,0,1,40303,2,4,5,6,7,10,2,1,0,0,,Ryan Mason (82)
6,Sunderland,Bournemouth,FALSE,Bournemouth,Sunderland,0,2,11271,2,5,3,4,5,9,4,2,1,0,,"Callum Wilson (4),Matt Ritchie (9)"
7,Sunderland,Man Utd,FALSE,Man Utd,Sunderland,0,3,75328,4,7,1,1,5,8,3,0,0,0,,"Memphis Depay (45+4),Wayne Rooney (46),Juan Mata (90)"
8,Sunderland,West Ham,TRUE,Sunderland,West Ham,2,2,42932,3,6,5,9,8,15,2,4,1,0,"Steven Fletcher (10),Jeremain Lens (22)","Carl Jenkinson (45+1),Dimitri Payet (60)"
9,Sunderland,West Brom,FALSE,West Brom,Sunderland,0,1,24225,2,2,1,5,3,7,2,2,0,0,,Saido Berahino (54)
10,Sunderland,Newcastle,TRUE,Sunderland,Newcastle,3,0,47653,3,8,1,8,4,16,0,2,0,1,"Adam Johnson (45+3 Pen),Billy Jones (65),Steven Fletcher (86)",
11,Sunderland,Everton,FALSE,Everton,Sunderland,2,6,36617,10,8,3,5,13,13,2,3,0,0,"Jermain Defoe (45+4),Steven Fletcher (50)","Gerard Deulofeu (19),Arouna Kone (31, 62, 76),Sebastian Coates OG (55),Romelu Lukaku (60)"
12,Sunderland,Southampton,TRUE,Sunderland,Southampton,0,1,41781,3,5,5,5,8,10,1,3,0,0,,Dusan Tadic (69 Pen)
13,Sunderland,Crystal Palace,FALSE,Crystal Palace,Sunderland,1,0,24361,4,7,6,8,10,15,3,1,0,0,Jermain Defoe (80),
14,Sunderland,Stoke,TRUE,Sunderland,Stoke,2,0,41516,5,3,7,3,12,6,0,2,0,1,"Patrick van Aanholt (82),Duncan Watmore (84)",
15,Sunderland,Arsenal,FALSE,Arsenal,Sunderland,1,3,59937,4,8,6,4,10,12,1,1,0,0,Olivier Giroud OG (45),"Joel Campbell (33),Olivier Giroud (63),Aaron Ramsey (90+3)"
16,Sunderland,Watford,TRUE,Sunderland,Watford,0,1,43989,2,8,11,2,13,10,1,0,0,0,,Odion Ighalo (4)
17,Sunderland,Chelsea,FALSE,Chelsea,Sunderland,1,3,41562,3,7,6,6,9,13,3,1,0,0,Fabio Borini (52),"Branislav Ivanovic (5),Pedro (13),Oscar (50 Pen)"
18,Sunderland,Man City,FALSE,Man City,Sunderland,1,4,54523,3,9,8,6,11,15,1,1,0,0,Fabio Borini (59),"Raheem Sterling (12),Yaya Toure (17),Wilfried Bony (22),Kevin De Bruyne (54)"
19,Sunderland,Liverpool,TRUE,Sunderland,Liverpool,0,1,45765,3,6,3,7,6,13,1,3,0,0,,Christian Benteke (46)
20,Sunderland,Aston Villa,TRUE,Sunderland,Aston Villa,3,1,41535,5,4,5,5,10,9,3,4,0,0,"Micah Richards OG (30),Jermain Defoe (72, 90+2)",Carles Gil (63)
21,Sunderland,Swansea,FALSE,Swansea,Sunderland,4,2,20140,4,6,3,3,7,9,2,0,0,1,"Jermain Defoe (3, 61, 85),Federico Fernandez OG (49)","Gylfi Sigurdsson (21 Pen),Andre Ayew (40)"
22,Sunderland,Spurs,FALSE,Spurs,Sunderland,1,4,35854,2,11,2,9,4,20,2,0,0,0,Patrick van Aanholt (40),"Christian Eriksen (42, 67),Mousa Dembele (59),Harry Kane (79 Pen)"
23,Sunderland,Bournemouth,TRUE,Sunderland,Bournemouth,1,1,41367,5,5,1,7,6,12,1,1,0,0,Patrick van Aanholt (45+1),Benik Afobe (13)
24,Sunderland,Man City,TRUE,Sunderland,Man City,0,1,38852,3,2,5,3,8,5,1,4,0,0,,Sergio Aguero (16)
25,Sunderland,Liverpool,FALSE,Liverpool,Sunderland,2,2,44179,2,5,4,7,6,12,1,1,0,0,"Adam Johnson (82),Jermain Defoe (89)","Roberto Firmino (59),Adam Lallana (70)"
26,Sunderland,Man Utd,TRUE,Sunderland,Man Utd,2,1,41687,5,7,10,1,15,8,2,3,0,0,"Wahbi Khazri (3),David de Gea OG (82)",Anthony Martial (39)
27,Sunderland,West Ham,FALSE,West Ham,Sunderland,0,1,34946,4,3,6,6,10,9,0,1,0,0,,Michail Antonio (30)
28,Sunderland,Crystal Palace,TRUE,Sunderland,Crystal Palace,2,2,39795,6,5,7,4,13,9,1,1,0,0,"Dame N'Doye (36),Fabio Borini (90)","Connor Wickham (61, 67)"
29,Sunderland,Southampton,FALSE,Southampton,Sunderland,1,1,31458,3,5,4,4,7,9,1,2,0,1,Jermain Defoe (85),Virgil van Dijk (90+3)
30,Sunderland,Newcastle,FALSE,Newcastle,Sunderland,1,1,52311,4,8,7,7,11,15,1,4,0,0,Jermain Defoe (44),Aleksandar Mitrovic (83)
31,Sunderland,West Brom,TRUE,Sunderland,West Brom,0,0,45144,6,0,9,2,15,2,1,2,0,0,,
32,Sunderland,Leicester,TRUE,Sunderland,Leicester,0,2,46531,1,7,8,7,9,14,1,1,0,0,,"Jamie Vardy (66, 90+5)"
33,Sunderland,Norwich,FALSE,Norwich,Sunderland,3,0,27117,3,7,5,6,8,13,2,2,0,0,"Fabio Borini (41 Pen),Jermain Defoe (53),Duncan Watmore (90+1)",
34,Sunderland,Arsenal,TRUE,Sunderland,Arsenal,0,0,45420,3,7,6,5,9,12,2,4,0,0,,
35,Sunderland,Stoke,FALSE,Stoke,Sunderland,1,1,27667,5,3,5,6,10,9,2,2,0,0,Jermain Defoe (90+4 Pen),Marko Arnautovic (50)
36,Sunderland,Chelsea,TRUE,Sunderland,Chelsea,3,2,47050,4,8,3,0,7,8,4,1,0,1,"Wahbi Khazri (41),Fabio Borini (67),Jermain Defoe (70)","Diego Costa (14),Nemanja Matic (45+3)"
37,Sunderland,Everton,TRUE,Sunderland,Everton,3,0,46454,8,6,3,5,11,11,1,0,0,0,"Patrick van Aanholt (38),Lamine Kone (42, 55)",
38,Sunderland,Watford,FALSE,Watford,Sunderland,2,2,21012,4,6,1,11,5,17,0,1,0,0,"Jack Rodwell (39),Jeremain Lens (51)","Sebastian Prandl (48),Troy Deeney (61 Pen)"
1,Swansea City,Chelsea,FALSE,Chelsea,Swansea,2,2,41232,11,3,2,5,13,8,3,1,0,1,"Andre Ayew (29),Bafetimbi Gomis (55 Pen)","Oscar (23),Federico Fernandez OG (30)"
2,Swansea City,Newcastle,TRUE,Swansea,Newcastle,2,0,20678,6,2,6,2,12,4,2,1,0,1,"Bafetimbi Gomis (9),Andre Ayew (52)",
3,Swansea City,Sunderland,FALSE,Sunderland,Swansea,1,1,39198,9,2,6,5,15,7,2,4,0,0,Bafetimbi Gomis (45+3),Jermain Defoe (62)
4,Swansea City,Man Utd,TRUE,Swansea,Man Utd,2,1,20828,4,4,4,6,8,10,2,2,0,0,"Andre Ayew (61),Bafetimbi Gomis (66)",Juan Mata (48)
5,Swansea City,Watford,FALSE,Watford,Swansea,0,1,20057,3,6,4,7,7,13,1,1,0,1,,Odion Ighalo (59)
6,Swansea City,Everton,TRUE,Swansea,Everton,0,0,20805,3,2,6,7,9,9,2,2,0,1,,
7,Swansea City,Southampton,FALSE,Southampton,Swansea,1,3,30704,5,6,4,8,9,14,1,3,0,0,Gylfi Sigurdsson (83 Pen),"Virgil van Dijk (11),Ki Sung-yueng OG (54),Sadio Mane (61)"
8,Swansea City,Spurs,TRUE,Swansea,Spurs,2,2,20845,2,12,5,4,7,16,1,4,0,0,"Andre Ayew (16),Harry Kane OG (31)","Christian Eriksen (27, 65)"
9,Swansea City,Stoke,TRUE,Swansea,Stoke,0,1,20044,2,2,10,6,12,8,2,2,0,0,,Bojan (4 Pen)
10,Swansea City,Aston Villa,FALSE,Aston Villa,Swansea,2,1,33324,4,3,5,5,9,8,3,2,0,0,"Gylfi Sigurdsson (68),Andre Ayew (87)",Jordan Ayew (62)
11,Swansea City,Arsenal,TRUE,Swansea,Arsenal,0,3,20937,3,5,1,7,4,12,2,0,0,0,,"Olivier Giroud (49),Laurent Koscielny (68),Joel Campbell (73)"
12,Swansea City,Norwich,FALSE,Norwich,Swansea,0,1,27029,0,5,7,4,7,9,0,1,0,0,,Jonny Howson (70)
13,Swansea City,Bournemouth,TRUE,Swansea,Bournemouth,2,2,20878,4,4,2,6,6,10,3,2,0,0,"Andre Ayew (28),Jonjo Shelvey (39 Pen)","Joshua King (10),Dan Gosling (26)"
14,Swansea City,Liverpool,FALSE,Liverpool,Swansea,0,1,43905,0,2,5,3,5,5,1,3,0,0,,James Milner (62 Pen)
15,Swansea City,Leicester,TRUE,Swansea,Leicester,0,3,20836,2,5,8,5,10,10,2,3,0,0,,"Riyad Mahrez (5, 22, 67)"
16,Swansea City,Man City,FALSE,Man City,Swansea,1,2,53052,7,5,3,4,10,9,1,3,0,0,Bafetimbi Gomis (90),"Wilfried Bony (26),Kelechi Iheanacho (90+2)"
17,Swansea City,West Ham,TRUE,Swansea,West Ham,0,0,20661,2,2,9,6,11,8,0,1,0,0,,
18,Swansea City,West Brom,TRUE,Swansea,West Brom,1,0,20789,2,3,3,3,5,6,1,3,0,0,Ki Sung-yueng (9),
19,Swansea City,Crystal Palace,FALSE,Crystal Palace,Swansea,0,0,23714,3,2,0,6,3,8,2,3,0,0,,
20,Swansea City,Man Utd,FALSE,Man Utd,Swansea,1,2,75415,4,6,3,5,7,11,1,2,0,0,Gylfi Sigurdsson (70),"Anthony Martial (47),Wayne Rooney (77)"
21,Swansea City,Sunderland,TRUE,Swansea,Sunderland,2,4,20140,6,4,3,3,9,7,0,2,1,0,"Gylfi Sigurdsson (21 Pen),Andre Ayew (40)","Jermain Defoe (3, 61, 85),Federico Fernandez OG (49)"
22,Swansea City,Watford,TRUE,Swansea,Watford,1,0,20430,2,2,4,8,6,10,2,2,0,0,Ashley Williams (27),
23,Swansea City,Everton,FALSE,Everton,Swansea,2,1,36908,6,2,1,11,7,13,3,0,0,0,"Gylfi Sigurdsson (17 Pen),Andre Ayew (34)",Jack Cork OG (26)
24,Swansea City,West Brom,FALSE,West Brom,Swansea,1,1,22062,4,7,8,7,12,14,0,0,0,0,Gylfi Sigurdsson (64),Saloman Rondan (90+2)
25,Swansea City,Crystal Palace,TRUE,Swansea,Crystal Palace,1,1,20492,3,2,8,6,11,8,1,2,0,0,Gylfi Sigurdsson (13),Scott Dann (47)
26,Swansea City,Southampton,TRUE,Swansea,Southampton,0,1,20890,2,5,8,4,10,9,0,3,0,0,,Shane Long (69)
27,Swansea City,Spurs,FALSE,Spurs,Swansea,1,2,35922,4,15,2,13,6,28,3,2,0,0,Alberto Paloschi (19),"Nacer Chadli (70),Danny Rose (77)"
28,Swansea City,Arsenal,FALSE,Arsenal,Swansea,2,1,59905,2,4,5,7,7,11,2,0,0,0,"Wayne Routledge (32),Ashley Williams (74)",Joel Campbell (15)
29,Swansea City,Norwich,TRUE,Swansea,Norwich,1,0,20929,3,3,5,3,8,6,2,5,0,0,Gylfi Sigurdsson (61),
30,Swansea City,Bournemouth,FALSE,Bournemouth,Swansea,2,3,11179,4,4,7,6,11,10,0,1,0,0,"Modou Barrow (39),Gylfi Sigurdsson (62)","Max Gradel (37),Joshua King (50),Steve Cook (78)"
31,Swansea City,Aston Villa,TRUE,Swansea,Aston Villa,1,0,20454,1,2,6,4,7,6,3,2,0,0,Federico Fernandez (53),
32,Swansea City,Stoke,FALSE,Stoke,Swansea,2,2,27649,3,5,5,5,8,10,1,0,0,0,"Gylfi Sigurdsson (68),Alberto Paloschi (79)","Ibrahim Afellay (13),Bojan (53)"
33,Swansea City,Chelsea,TRUE,Swansea,Chelsea,1,0,20966,6,2,3,3,9,5,5,4,0,0,Gylfi Sigurdsson (25),
34,Swansea City,Newcastle,FALSE,Newcastle,Swansea,0,3,48949,1,7,7,4,8,11,1,2,0,0,,"Jamaal Lascelles (40),Moussa Sissoko (82),Andros Townsend (89)"
35,Swansea City,Leicester,FALSE,Leicester,Swansea,0,4,31962,1,9,4,6,5,15,2,1,0,0,,"Riyad Mahrez (10),Leonardo Ulloa (30, 60),Marc Albrighton (85)"
36,Swansea City,Liverpool,TRUE,Swansea,Liverpool,3,1,20972,9,3,4,3,13,6,2,2,0,1,"Andre Ayew (20, 67),Jack Cork (33)",Christian Benteke (65)
37,Swansea City,West Ham,FALSE,West Ham,Swansea,4,1,34907,7,7,3,8,10,15,0,3,0,0,"Wayne Routledge (25),Andre Ayew (31),Ki Sung-yueng (51),Bafetimbi Gomis (90+3)",Stephen Kingsley OG (68)
38,Swansea City,Man City,TRUE,Swansea,Man City,1,1,20934,1,5,2,9,3,14,1,3,0,0,Andre Ayew (45+1),Kelechi Iheanacho (5)
1,Tottenham,Man Utd,FALSE,Man Utd,Spurs,0,1,75261,5,1,2,4,7,5,3,2,0,0,,Kyle Walker OG (22)
2,Tottenham,Stoke,TRUE,Spurs,Stoke,2,2,36004,7,7,2,6,9,13,2,2,0,0,"Eric Dier (19),Nacer Chadli (45+2)","Marko Arnautovic (78 Pen),Mame Biram Diouf (83)"
3,Tottenham,Leicester,FALSE,Leicester,Spurs,1,1,31971,6,2,9,5,15,7,4,1,0,0,Dele Alli (81),Riyad Mahrez (82)
4,Tottenham,Everton,TRUE,Spurs,Everton,0,0,35865,6,3,8,4,14,7,4,1,0,0,,
5,Tottenham,Sunderland,FALSE,Sunderland,Spurs,1,0,40303,4,2,6,5,10,7,1,2,0,0,Ryan Mason (82),
6,Tottenham,Crystal Palace,TRUE,Spurs,Crystal Palace,1,0,35723,6,4,6,4,12,8,1,2,0,0,Son Heung-Min (68),
7,Tottenham,Man City,TRUE,Spurs,Man City,4,1,35867,8,8,3,6,11,14,5,1,0,0,"Eric Dier (45),Toby Alderweireld (50),Harry Kane (61),Erik Lamela (79)",Kevin De Bruyne (25)
8,Tottenham,Swansea,FALSE,Swansea,Spurs,2,2,20845,12,2,4,5,16,7,4,1,0,0,"Christian Eriksen (27, 65)","Andre Ayew (16),Harry Kane OG (31)"
9,Tottenham,Liverpool,TRUE,Spurs,Liverpool,0,0,35926,4,3,4,4,8,7,1,2,0,0,,
10,Tottenham,Bournemouth,FALSE,Bournemouth,Spurs,5,1,11332,9,3,2,6,11,9,1,0,0,0,"Harry Kane (9 Pen, 56, 63),Mousa Dembele (17),Erik Lamela (29)",Matt Ritchie (1)
11,Tottenham,Aston Villa,TRUE,Spurs,Aston Villa,3,1,34882,6,2,4,5,10,7,0,3,0,0,"Mousa Dembele (3),Dele Alli (45+1),Harry Kane (90+3)",Jordan Ayew (79)
12,Tottenham,Arsenal,FALSE,Arsenal,Spurs,1,1,60060,4,4,7,5,11,9,1,0,0,0,Harry Kane (32),Kieran Gibbs (77)
13,Tottenham,West Ham,TRUE,Spurs,West Ham,4,1,35968,12,4,5,3,17,7,2,2,0,0,"Harry Kane (23, 50),Toby Alderweireld (33),Kyle Walker (83)",Manuel Lanzini (87)
14,Tottenham,Chelsea,TRUE,Spurs,Chelsea,0,0,35639,4,1,2,3,6,4,4,2,0,0,,
15,Tottenham,West Brom,FALSE,West Brom,Spurs,1,1,23602,3,4,2,3,5,7,2,3,0,0,Dele Alli (15),James McClean (39)
16,Tottenham,Newcastle,TRUE,Spurs,Newcastle,1,2,35768,8,4,7,2,15,6,2,2,0,0,Eric Dier (39),"Aleksandar Mitrovic (74),Ayoze Perez (90+3)"
17,Tottenham,Southampton,FALSE,Southampton,Spurs,2,0,31636,5,4,4,2,9,6,1,1,0,0,"Harry Kane (40),Dele Alli (43)",
18,Tottenham,Norwich,TRUE,Spurs,Norwich,3,0,35198,10,3,3,7,13,10,1,2,0,0,"Harry Kane (26 Pen, 42),Tom Carroll (80)",
19,Tottenham,Watford,FALSE,Watford,Spurs,2,1,20730,3,1,7,4,10,5,2,4,0,1,"Erik Lamela (17),Son Heung-Min (89)",Odion Ighalo (41)
20,Tottenham,Everton,FALSE,Everton,Spurs,1,1,38482,4,3,4,4,8,7,2,1,0,0,Dele Alli (45+1),Aaron Lennon (22)
21,Tottenham,Leicester,TRUE,Spurs,Leicester,0,1,35850,5,2,5,3,10,5,1,0,0,0,,Robert Huth (83)
22,Tottenham,Sunderland,TRUE,Spurs,Sunderland,4,1,35854,11,2,9,2,20,4,0,2,0,0,"Christian Eriksen (42, 67),Mousa Dembele (59),Harry Kane (79 Pen)",Patrick van Aanholt (40)
23,Tottenham,Crystal Palace,FALSE,Crystal Palace,Spurs,3,1,24867,12,3,6,3,18,6,2,2,0,0,"Harry Kane (63),Dele Alli (84),Nacer Chadli (90+5)",Jan Vertonghen OG (30)
24,Tottenham,Norwich,FALSE,Norwich,Spurs,3,0,27067,6,3,9,6,15,9,2,2,0,0,"Dele Alli (2),Harry Kane (30 Pen, 90)",
25,Tottenham,Watford,TRUE,Spurs,Watford,1,0,35997,8,0,9,2,17,2,0,1,0,0,Kieran Trippier (64),
26,Tottenham,Man City,FALSE,Man City,Spurs,2,1,54551,3,4,2,7,5,11,3,1,0,0,"Harry Kane (53 Pen),Christian Eriksen (83)",Kelechi Iheanacho (74)
27,Tottenham,Swansea,TRUE,Spurs,Swansea,2,1,35922,15,4,13,2,28,6,2,3,0,0,"Nacer Chadli (70),Danny Rose (77)",Alberto Paloschi (19)
28,Tottenham,West Ham,FALSE,West Ham,Spurs,0,1,34977,3,3,6,6,9,9,3,0,0,0,,Michail Antonio (7)
29,Tottenham,Arsenal,TRUE,Spurs,Arsenal,2,2,35762,11,4,7,2,18,6,2,2,0,1,"Toby Alderweireld (60),Harry Kane (62)","Aaron Ramsey (39),Alexis Sanchez (76)"
30,Tottenham,Aston Villa,FALSE,Aston Villa,Spurs,2,0,32393,8,2,6,6,14,8,0,0,0,0,"Harry Kane (45, 48)",
31,Tottenham,Bournemouth,TRUE,Spurs,Bournemouth,3,0,36084,8,0,8,2,16,2,0,1,0,0,"Harry Kane (1, 16),Christian Eriksen (52)",
32,Tottenham,Liverpool,FALSE,Liverpool,Spurs,1,1,44062,5,7,7,2,12,9,0,2,0,0,Harry Kane (63),Philippe Coutinho (51)
33,Tottenham,Man Utd,TRUE,Spurs,Man Utd,3,0,35761,8,1,7,1,15,2,3,3,0,0,"Dele Alli (70),Toby Alderweireld (74),Erik Lamela (76)",
34,Tottenham,Stoke,FALSE,Stoke,Spurs,4,0,27442,6,2,13,6,19,8,0,2,0,0,"Harry Kane (9, 71),Dele Alli (67, 82)",
35,Tottenham,West Brom,TRUE,Spurs,West Brom,1,1,35923,2,4,8,8,10,12,0,1,0,0,Craig Dawson OG (33),Craig Dawson (73)
36,Tottenham,Chelsea,FALSE,Chelsea,Spurs,2,2,41545,5,5,5,5,10,10,9,3,0,0,"Harry Kane (35),Son Heung-Min (44)","Gary Cahill (58),Eden Hazard (83)"
37,Tottenham,Southampton,TRUE,Spurs,Southampton,1,2,35748,6,2,9,5,15,7,0,3,0,0,Son Heung-Min (16),"Steven Davis (31, 72)"
38,Tottenham,Newcastle,FALSE,Newcastle,Spurs,1,5,52183,5,10,7,3,12,13,2,1,0,1,Erik Lamela (60),"Georginio Wijnaldum (19, 73 Pen),Aleksandar Mitrovic (39),Rolando Aarons (85),Daryl Janmaat (86)"
1,Watford,Everton,FALSE,Everton,Watford,2,2,39063,5,5,3,3,8,8,2,1,0,0,"Miguel Layan (13),Odion Ighalo (83)","Ross Barkley (76),Arouna Kone (86)"
2,Watford,West Brom,TRUE,Watford,West Brom,0,0,20011,5,0,8,5,13,5,1,2,0,0,,
3,Watford,Southampton,TRUE,Watford,Southampton,0,0,20166,0,5,6,9,6,14,0,2,0,0,,
4,Watford,Man City,FALSE,Man City,Watford,0,2,53218,0,5,2,8,2,13,2,1,0,0,,"Raheem Sterling (47),Fernandinho (56)"
5,Watford,Swansea,TRUE,Watford,Swansea,1,0,20057,6,3,7,4,13,7,1,1,1,0,Odion Ighalo (59),
6,Watford,Newcastle,FALSE,Newcastle,Watford,2,1,47806,4,5,6,7,10,12,2,1,0,0,"Odion Ighalo (10, 28)",Daryl Janmaat (62)
7,Watford,Crystal Palace,TRUE,Watford,Crystal Palace,0,1,20168,2,3,9,8,11,11,4,4,0,0,,Yohan Cabaye (71 Pen)
8,Watford,Bournemouth,FALSE,Bournemouth,Watford,1,1,11187,2,6,5,4,7,10,1,1,0,0,Odion Ighalo (45),Glenn Murray (28)
9,Watford,Arsenal,TRUE,Watford,Arsenal,0,3,20721,1,6,6,5,7,11,2,1,0,0,,"Alexis Sanchez (62),Olivier Giroud (68),Aaron Ramsey (74)"
10,Watford,Stoke,FALSE,Stoke,Watford,2,0,27587,3,0,5,8,8,8,1,3,0,0,"Troy Deeney (43),Almen Abdi (69)",
11,Watford,West Ham,TRUE,Watford,West Ham,2,0,20598,5,3,6,5,11,8,3,1,0,1,"Odion Ighalo (39, 48)",
12,Watford,Leicester,FALSE,Leicester,Watford,1,2,32029,4,6,4,4,8,10,1,0,0,0,Troy Deeney (75 Pen),"N'Golo Kante (52),Jamie Vardy (65 Pen)"
13,Watford,Man Utd,TRUE,Watford,Man Utd,1,2,20702,6,6,2,5,8,11,1,2,0,0,Troy Deeney (87 Pen),"Memphis Depay (11),Troy Deeney OG (90)"
14,Watford,Aston Villa,FALSE,Aston Villa,Watford,3,2,35057,6,7,2,4,8,11,3,2,0,0,"Odion Ighalo (17),Alan Hutton OG (69),Troy Deeney (85)","Micah Richards (41),Jordan Ayew (89)"
15,Watford,Norwich,TRUE,Watford,Norwich,2,0,20422,7,1,4,4,11,5,3,3,0,0,"Troy Deeney (30 Pen),Odion Ighalo (90+1)",
16,Watford,Sunderland,FALSE,Sunderland,Watford,1,0,43989,8,2,2,11,10,13,0,1,0,0,Odion Ighalo (4),
17,Watford,Liverpool,TRUE,Watford,Liverpool,3,0,20707,5,4,0,4,5,8,1,0,0,0,"Nathan Ake (3),Odion Ighalo (15, 85)",
18,Watford,Chelsea,FALSE,Chelsea,Watford,2,2,41630,2,3,5,8,7,11,4,1,0,0,"Troy Deeney (42 Pen),Gary Cahill OG (56)","Diego Costa (32, 65)"
19,Watford,Spurs,TRUE,Watford,Spurs,1,2,20730,1,3,4,7,5,10,4,2,1,0,Odion Ighalo (41),"Erik Lamela (17),Son Heung-Min (89)"
20,Watford,Man City,TRUE,Watford,Man City,1,2,20676,4,5,6,7,10,12,1,0,0,0,Ben Watson (55),"Yaya Toure (82),Sergio Aguero (84)"
21,Watford,Southampton,FALSE,Southampton,Watford,0,2,28399,1,7,0,7,1,14,2,1,0,0,,"Shane Long (17),Dusan Tadic (73)"
22,Watford,Swansea,FALSE,Swansea,Watford,0,1,20430,2,2,8,4,10,6,2,2,0,0,,Ashley Williams (27)
23,Watford,Newcastle,TRUE,Watford,Newcastle,2,1,20611,5,2,7,8,12,10,2,1,0,0,"Odion Ighalo (46),Craig Cathcart (58)",Jamaal Lascelles (71)
24,Watford,Chelsea,TRUE,Watford,Chelsea,0,0,20910,3,4,2,3,5,7,2,1,0,0,,
25,Watford,Spurs,FALSE,Spurs,Watford,0,1,35997,0,8,2,9,2,17,1,0,0,0,,Kieran Trippier (64)
26,Watford,Crystal Palace,FALSE,Crystal Palace,Watford,2,1,24564,4,5,2,8,6,13,1,0,0,1,"Troy Deeney (16 Pen, 82)",Emmanuel Adebayor (45)
27,Watford,Bournemouth,TRUE,Watford,Bournemouth,0,0,20831,1,3,9,4,10,7,3,1,0,0,,
28,Watford,Man Utd,FALSE,Man Utd,Watford,0,1,75272,4,3,6,6,10,9,2,1,0,0,,Juan Mata (83)
29,Watford,Leicester,TRUE,Watford,Leicester,0,1,20884,4,7,4,7,8,14,2,2,0,0,,Riyad Mahrez (56)
30,Watford,Stoke,TRUE,Watford,Stoke,1,2,20759,4,6,4,2,8,8,3,1,0,0,Troy Deeney (86),"Jonathan Walters (18),Joselu (51)"
31,Watford,Arsenal,FALSE,Arsenal,Watford,0,4,59981,3,12,3,4,6,16,1,1,0,0,,"Alexis Sanchez (4),Alex Iwobi (38),Hector Bellerín (48),Theo Walcott (90)"
32,Watford,Everton,TRUE,Watford,Everton,1,1,20663,4,8,6,3,10,11,2,1,0,0,Seamus Coleman OG (45+2),James McCarthy (45+1)
33,Watford,West Brom,FALSE,West Brom,Watford,1,0,25515,4,4,4,8,8,12,3,0,0,0,Ben Watson (27),
34,Watford,West Ham,FALSE,West Ham,Watford,1,3,34857,4,7,2,6,6,13,2,0,1,0,Sebastian Prandl (64),"Andy Carroll (11),Mark Noble (45 Pen, 53 Pen)"
35,Watford,Aston Villa,TRUE,Watford,Aston Villa,3,2,20653,6,2,7,4,13,6,2,3,0,1,"Almen Abdi (45+2),Troy Deeney (90, 90+3)","Ciaran Clark (28),Jordan Ayew (48)"
36,Watford,Liverpool,FALSE,Liverpool,Watford,0,2,43341,3,5,8,8,11,13,2,1,0,0,,"Joe Allen (35),Roberto Firmino (76)"
37,Watford,Norwich,FALSE,Norwich,Watford,2,4,26279,8,6,2,6,10,12,3,2,0,0,"Troy Deeney (11),Odion Ighalo (51)","Nathan Redmond (15),Dieumerci Mbokani (18, 57),Craig Cathcart OG(37)"
38,Watford,Sunderland,TRUE,Watford,Sunderland,2,2,21012,6,4,11,1,17,5,1,0,0,0,"Sebastian Prandl (48),Troy Deeney (61 Pen)","Jack Rodwell (39),Jeremain Lens (51)"
1,West Brom,Man City,TRUE,West Brom,Man City,0,3,24564,2,7,6,2,8,9,4,1,0,0,,"David Silva (9),Yaya Toure (24),Vincent Kompany (59)"
2,West Brom,Watford,FALSE,Watford,West Brom,0,0,20011,0,5,5,8,5,13,2,1,0,0,,
3,West Brom,Chelsea,TRUE,West Brom,Chelsea,2,3,23256,6,5,6,7,12,12,2,1,0,1,"James Morrison (35, 59)","Pedro (20),Diego Costa (30),Cesar Azpilicueta (42)"
4,West Brom,Stoke,FALSE,Stoke,West Brom,1,0,26747,5,5,6,5,11,10,4,1,0,2,Saloman Rondan (45+3),
5,West Brom,Southampton,TRUE,West Brom,Southampton,0,0,24265,1,4,4,6,5,10,1,0,0,0,,
6,West Brom,Aston Villa,FALSE,Aston Villa,West Brom,1,0,36321,6,3,2,5,8,8,3,2,0,0,Saido Berahino (39),
7,West Brom,Everton,TRUE,West Brom,Everton,2,3,24240,4,4,4,5,8,9,0,3,0,0,"Saido Berahino (41),Craig Dawson (54)","Romelu Lukaku (55, 84),Arouna Kone (75)"
8,West Brom,Crystal Palace,FALSE,Crystal Palace,West Brom,0,2,24033,2,8,3,7,5,15,3,3,0,0,,"Yannick Bolasie (68),Yohan Cabaye (89 Pen)"
9,West Brom,Sunderland,TRUE,West Brom,Sunderland,1,0,24225,2,2,5,1,7,3,2,2,0,0,Saido Berahino (54),
10,West Brom,Norwich,FALSE,Norwich,West Brom,1,0,26983,4,3,3,9,7,12,2,1,0,0,Saloman Rondan (46),
11,West Brom,Leicester,TRUE,West Brom,Leicester,2,3,24150,6,5,5,3,11,8,0,2,0,0,"Saloman Rondan (30),Rickie Lambert (84 Pen)","Riyad Mahrez (57, 64),Jamie Vardy (77)"
12,West Brom,Man Utd,FALSE,Man Utd,West Brom,0,2,75410,0,3,3,5,3,8,3,1,1,0,,"Jesse Lingard (52),Juan Mata (90+1 Pen)"
13,West Brom,Arsenal,TRUE,West Brom,Arsenal,2,1,24343,1,4,2,7,3,11,3,2,0,0,"James Morrison (35),Mikel Arteta OG (40)",Olivier Giroud (28)
14,West Brom,West Ham,FALSE,West Ham,West Brom,1,1,34914,3,7,4,8,7,15,2,0,0,0,Winston Reid OG (50),Mauro Zárate (17)
15,West Brom,Spurs,TRUE,West Brom,Spurs,1,1,23602,4,3,3,2,7,5,3,2,0,0,James McClean (39),Dele Alli (15)
16,West Brom,Liverpool,FALSE,Liverpool,West Brom,2,2,44147,2,8,2,11,4,19,0,0,0,0,"Craig Dawson (30),Jonas Olsson (73)","Jordan Henderson (21),Divock Origi (90+6)"
17,West Brom,Bournemouth,TRUE,West Brom,Bournemouth,1,2,26127,2,6,2,5,4,11,2,1,2,0,Gareth McAuley (79),"Adam Smith (52),Charlie Daniels (87 Pen)"
18,West Brom,Swansea,FALSE,Swansea,West Brom,0,1,20789,3,2,3,3,6,5,3,1,0,0,,Ki Sung-yueng (9)
19,West Brom,Newcastle,TRUE,West Brom,Newcastle,1,0,26313,5,2,5,3,10,5,0,0,0,0,Darren Fletcher (78),
20,West Brom,Stoke,TRUE,West Brom,Stoke,2,1,23218,5,3,6,2,11,5,1,1,0,1,"Stephane Sessegnon (60),Jonny Evans (90+2)",Jonathan Walters (81)
21,West Brom,Chelsea,FALSE,Chelsea,West Brom,2,2,40945,6,2,6,8,12,10,3,3,0,0,"Craig Gardner (33),James McClean (86)","Cesar Azpilicueta (20),Gareth McAuley OG (73)"
22,West Brom,Southampton,FALSE,Southampton,West Brom,0,3,29622,0,5,7,2,7,7,0,0,0,0,,"James Ward-Prowse (5, 35 Pen),Dusan Tadic (72)"
23,West Brom,Aston Villa,TRUE,West Brom,Aston Villa,0,0,26165,0,4,3,7,3,11,0,1,0,0,,
24,West Brom,Swansea,TRUE,West Brom,Swansea,1,1,22062,7,4,7,8,14,12,0,0,0,0,Saloman Rondan (90+2),Gylfi Sigurdsson (64)
25,West Brom,Newcastle,FALSE,Newcastle,West Brom,0,1,50152,0,7,3,5,3,12,3,0,0,0,,Aleksandar Mitrovic (32)
26,West Brom,Everton,FALSE,Everton,West Brom,1,0,38103,1,6,3,12,4,18,4,1,0,0,Saloman Rondan (14),
27,West Brom,Crystal Palace,TRUE,West Brom,Crystal Palace,3,2,24806,5,2,5,8,10,10,2,2,0,0,"Craig Gardner (12),Craig Dawson (20),Saido Berahino (31)","Connor Wickham (48, 80)"
28,West Brom,Leicester,FALSE,Leicester,West Brom,2,2,32018,4,4,6,11,10,15,2,0,0,0,"Saloman Rondan (11),Craig Gardner (50)","Jonas Olsson OG (30),Andy King (45+1)"
29,West Brom,Man Utd,TRUE,West Brom,Man Utd,1,0,24878,2,1,3,2,5,3,1,0,0,1,Saloman Rondan (66),
30,West Brom,Norwich,TRUE,West Brom,Norwich,0,1,25039,0,1,6,4,6,5,1,2,0,0,,Robbie Brady (50)
31,West Brom,Sunderland,FALSE,Sunderland,West Brom,0,0,45144,0,6,2,9,2,15,2,1,0,0,,
32,West Brom,Man City,FALSE,Man City,West Brom,1,2,53920,2,4,6,4,8,8,1,0,0,0,Stephane Sessegnon (6),"Sergio Aguero (19 Pen),Samir Nasri (66)"
33,West Brom,Watford,TRUE,West Brom,Watford,0,1,25515,4,4,8,4,12,8,0,3,0,0,,Ben Watson (27)
34,West Brom,Arsenal,FALSE,Arsenal,West Brom,0,2,59568,1,7,4,6,5,13,1,0,0,0,,"Alexis Sanchez (6, 38)"
35,West Brom,Spurs,FALSE,Spurs,West Brom,1,1,35923,4,2,8,8,12,10,1,0,0,0,Craig Dawson (73),Craig Dawson OG (33)
36,West Brom,West Ham,TRUE,West Brom,West Ham,0,3,25031,5,4,7,2,12,6,0,0,0,0,,"Cheikhou Kouyate (34),Mark Noble (45+2, 79)"
37,West Brom,Bournemouth,FALSE,Bournemouth,West Brom,1,1,11040,4,4,6,6,10,10,1,2,0,0,Saloman Rondan (16),Matt Ritchie (82)
38,West Brom,Liverpool,TRUE,West Brom,Liverpool,1,1,26196,1,3,7,3,8,6,3,1,0,0,Saloman Rondan (13),Jordon Ibe (23)
1,West Ham,Arsenal,FALSE,Arsenal,West Ham,2,0,59996,4,6,2,8,6,14,3,1,0,0,"Cheikhou Kouyate (43),Mauro Zarate (57)",
2,West Ham,Leicester,TRUE,West Ham,Leicester,1,2,34857,3,5,3,3,6,8,1,3,1,0,Dimitri Payet (55),"Shinji Okazaki (27),Riyad Mahrez (38)"
3,West Ham,Bournemouth,TRUE,West Ham,Bournemouth,3,4,34977,4,7,3,6,7,13,0,1,1,0,"Mark Noble (48 Pen),Cheikhou Kouyate (53),Modibo Maiga (82)","Callum Wilson (11, 28, 79 Pen),Marc Pugh (66)"
4,West Ham,Liverpool,FALSE,Liverpool,West Ham,3,0,43680,5,1,4,7,9,8,1,3,1,1,"Manuel Lanzini (3),Mark Noble (29),Diafra Sakho (90+2)",
5,West Ham,Newcastle,TRUE,West Ham,Newcastle,2,0,34907,3,4,8,5,11,9,0,2,0,0,"Dimitri Payet (9, 48)",
6,West Ham,Man City,FALSE,Man City,West Ham,2,1,53545,3,8,3,9,6,17,2,1,0,0,"Victor Moses (6),Diafra Sakho (31)",Kevin De Bruyne (45+2)
7,West Ham,Norwich,TRUE,West Ham,Norwich,2,2,34857,7,7,8,5,15,12,0,0,0,0,"Diafra Sakho (33),Cheikhou Kouyate (90+3)","Robbie Brady (9),Nathan Redmond (83)"
8,West Ham,Sunderland,FALSE,Sunderland,West Ham,2,2,42932,6,3,9,5,15,8,4,2,0,1,"Carl Jenkinson (45+1),Dimitri Payet (60)","Steven Fletcher (10),Jeremain Lens (22)"
9,West Ham,Crystal Palace,FALSE,Crystal Palace,West Ham,3,1,24812,4,1,12,3,16,4,3,1,0,1,"Carl Jenkinson (22),Manuel Lanzini (88),Dimitri Payet (90+4)",Yohan Cabaye (25 Pen)
10,West Ham,Chelsea,TRUE,West Ham,Chelsea,2,1,34977,5,4,4,5,9,9,1,5,0,2,"Mauro Zárate (17),Andy Carroll (79)",Gary Cahill (56)
11,West Ham,Watford,FALSE,Watford,West Ham,0,2,20598,3,5,5,6,8,11,1,3,1,0,,"Odion Ighalo (39, 48)"
12,West Ham,Everton,TRUE,West Ham,Everton,1,1,34977,5,4,8,6,13,10,1,2,0,0,Manuel Lanzini (30),Romelu Lukaku (43)
13,West Ham,Spurs,FALSE,Spurs,West Ham,1,4,35968,4,12,3,5,7,17,2,2,0,0,Manuel Lanzini (87),"Harry Kane (23, 50),Toby Alderweireld (33),Kyle Walker (83)"
14,West Ham,West Brom,TRUE,West Ham,West Brom,1,1,34914,7,3,8,4,15,7,0,2,0,0,Mauro Zárate (17),Winston Reid OG (50)
15,West Ham,Man Utd,FALSE,Man Utd,West Ham,0,0,75350,2,1,5,11,7,12,0,1,0,0,,
16,West Ham,Stoke,TRUE,West Ham,Stoke,0,0,34857,10,3,6,4,16,7,1,2,0,0,,
17,West Ham,Swansea,FALSE,Swansea,West Ham,0,0,20661,2,2,6,9,8,11,1,0,0,0,,
18,West Ham,Aston Villa,FALSE,Aston Villa,West Ham,1,1,38193,4,8,4,5,8,13,3,3,0,0,Aaron Cresswell (45+2),Jordan Ayew (62 Pen)
19,West Ham,Southampton,TRUE,West Ham,Southampton,2,1,34977,6,3,7,8,13,11,1,3,0,0,"Michail Antonio (69),Andy Carroll (79)",Carl Jenkinson OG (13)
20,West Ham,Liverpool,TRUE,West Ham,Liverpool,2,0,34977,10,2,5,9,15,11,1,1,0,0,"Michail Antonio (10),Andy Carroll (55)",
21,West Ham,Bournemouth,FALSE,Bournemouth,West Ham,3,1,11071,5,4,4,3,9,7,1,1,0,0,"Dimitri Payet (67),Enner Valencia (74, 84)",Harry Arter (17)
22,West Ham,Newcastle,FALSE,Newcastle,West Ham,1,2,50031,3,10,5,8,8,18,0,1,0,0,Nikica Jelavic (49),"Ayoze Perez (6),Georginio Wijnaldum (15)"
23,West Ham,Man City,TRUE,West Ham,Man City,2,2,34977,3,3,5,4,8,7,2,3,0,0,"Enner Valencia (1, 56)","Sergio Aguero (9 Pen, 81)"
24,West Ham,Aston Villa,TRUE,West Ham,Aston Villa,2,0,34914,6,2,16,1,22,3,3,0,0,1,"Michail Antonio (58),Cheikhou Kouyate (85)",
25,West Ham,Southampton,FALSE,Southampton,West Ham,0,1,29161,2,2,6,3,8,5,2,1,0,1,,Maya Yoshida (9)
26,West Ham,Norwich,FALSE,Norwich,West Ham,2,2,27101,6,3,5,7,11,10,2,2,0,0,"Dimitri Payet (74),Mark Noble (76)","Robbie Brady (54),Wes Hoolahan (65)"
27,West Ham,Sunderland,TRUE,West Ham,Sunderland,1,0,34946,3,4,6,6,9,10,1,0,0,0,Michail Antonio (30),
28,West Ham,Spurs,TRUE,West Ham,Spurs,1,0,34977,3,3,6,6,9,9,0,3,0,0,Michail Antonio (7),
29,West Ham,Everton,FALSE,Everton,West Ham,3,2,39000,5,8,7,2,12,10,3,2,0,1,"Michail Antonio (78),Diafra Sakho (81),Dimitri Payet (90)","Romelu Lukaku (13),Aaron Lennon (56)"
30,West Ham,Chelsea,FALSE,Chelsea,West Ham,2,2,41623,6,5,3,11,9,16,5,3,0,0,"Manuel Lanzini (17),Andy Carroll (61)","Cesc Fabregas (45+3, 89 Pen)"
31,West Ham,Crystal Palace,TRUE,West Ham,Crystal Palace,2,2,34857,6,5,6,4,12,9,2,2,1,0,"Manuel Lanzini (18),Dimitri Payet (41)","Damien Delaney (15),Dwight Gayle (75)"
32,West Ham,Arsenal,TRUE,West Ham,Arsenal,3,3,34977,7,6,7,3,14,9,2,0,0,0,"Andy Carroll (44, 45+2, 52)","Mesut Ozil (18),Alexis Sanchez (35),Laurent Koscielny (70)"
33,West Ham,Leicester,FALSE,Leicester,West Ham,2,2,32104,4,2,12,4,16,6,3,1,0,1,"Andy Carroll (84 Pen),Aaron Cresswell (86)","Jamie Vardy (18),Leonardo Ulloa (90+5 Pen)"
34,West Ham,Watford,TRUE,West Ham,Watford,3,1,34857,7,4,6,2,13,6,0,2,0,1,"Andy Carroll (11),Mark Noble (45 Pen, 53 Pen)",Sebastian Prandl (64)
35,West Ham,West Brom,FALSE,West Brom,West Ham,3,0,25031,4,5,2,7,6,12,0,0,0,0,"Cheikhou Kouyate (34),Mark Noble (45+2, 79)",
36,West Ham,Swansea,TRUE,West Ham,Swansea,1,4,34907,7,7,8,3,15,10,3,0,0,0,Stephen Kingsley OG (68),"Wayne Routledge (25),Andre Ayew (31),Ki Sung-yueng (51),Bafetimbi Gomis (90+3)"
37,West Ham,Man Utd,TRUE,West Ham,Man Utd,3,2,34602,6,2,12,1,18,3,1,3,0,0,"Diafra Sakho (10),Michail Antonio (76),Winston Reid (80)","Anthony Martial (51, 72)"
38,West Ham,Stoke,FALSE,Stoke,West Ham,1,2,27721,7,4,6,2,13,6,1,3,0,0,Michail Antonio (23),"Giannelli Imbula (55),Mame Biram Diouf (88)"
